9,0,i,vers,35,208,TP1A.220624.014,TP1A.220624.014
9,0,i,uid,1000,com.android.dynsystem
9,0,i,uid,1000,android
9,0,i,uid,1000,com.android.providers.settings
9,0,i,uid,1000,com.android.inputdevices
9,0,i,uid,1000,com.android.server.telecom
9,0,i,uid,1000,com.android.keychain
9,0,i,uid,1000,com.android.localtransport
9,0,i,uid,1000,com.android.settings
9,0,i,uid,1000,com.android.wallpaperbackup
9,0,i,uid,1000,com.android.location.fused
9,0,i,uid,1001,com.android.providers.telephony
9,0,i,uid,1001,com.android.mms.service
9,0,i,uid,1001,com.android.ons
9,0,i,uid,1001,com.android.stk
9,0,i,uid,1001,com.qualcomm.qcrilmsgtunnel
9,0,i,uid,1001,com.android.phone
9,0,i,uid,1002,com.android.bluetooth
9,0,i,uid,1027,com.android.nfc
9,0,i,uid,1068,com.android.se
9,0,i,uid,1073,com.android.networkstack
9,0,i,uid,1073,com.android.cellbroadcastservice
9,0,i,uid,1073,com.android.networkstack.tethering
9,0,i,uid,2000,com.android.shell
9,0,i,uid,10014,com.android.systemui.auto_generated_rro_vendor__
9,0,i,uid,10015,com.android.settings.auto_generated_rro_vendor__
9,0,i,uid,10016,com.android.nfc.auto_generated_rro_vendor__
9,0,i,uid,10017,com.android.traceur.auto_generated_rro_vendor__
9,0,i,uid,10018,com.android.storagemanager.auto_generated_rro_vendor__
9,0,i,uid,10019,com.android.providers.settings.auto_generated_rro_vendor__
9,0,i,uid,10020,com.android.phone.auto_generated_rro_vendor__
9,0,i,uid,10021,com.android.emergency.auto_generated_rro_vendor__
9,0,i,uid,10022,android.auto_generated_rro_vendor__
9,0,i,uid,10023,com.android.calllogbackup
9,0,i,uid,10023,com.android.providers.blockednumber
9,0,i,uid,10023,com.android.providers.userdictionary
9,0,i,uid,10023,com.android.providers.contacts
9,0,i,uid,10024,com.android.apps.tag
9,0,i,uid,10025,com.android.providers.media
9,0,i,uid,10025,com.android.providers.downloads
9,0,i,uid,10025,com.android.providers.downloads.ui
9,0,i,uid,10025,com.android.mtp
9,0,i,uid,10025,com.android.soundpicker
9,0,i,uid,10026,com.android.proxyhandler
9,0,i,uid,10027,com.android.vpndialogs
9,0,i,uid,10028,com.android.managedprovisioning
9,0,i,uid,10029,com.android.cellbroadcastreceiver
9,0,i,uid,10030,com.android.externalstorage
9,0,i,uid,10031,com.android.statementservice
9,0,i,uid,10032,com.android.providers.calendar
9,0,i,uid,10033,com.android.musicfx
9,0,i,uid,10034,com.android.backupconfirm
9,0,i,uid,10035,com.android.documentsui
9,0,i,uid,10036,com.android.packageinstaller
9,0,i,uid,10037,com.android.sharedstoragebackup
9,0,i,uid,10038,com.android.bips
9,0,i,uid,10039,com.android.wallpaper.livepicker
9,0,i,uid,10040,android.ext.shared
9,0,i,uid,10041,com.android.bluetoothmidiservice
9,0,i,uid,10042,com.android.htmlviewer
9,0,i,uid,10043,com.android.providers.partnerbookmarks
9,0,i,uid,10044,com.android.captiveportallogin
9,0,i,uid,10045,com.android.carrierdefaultapp
9,0,i,uid,10046,com.android.egg
9,0,i,uid,10047,com.android.simappdialog
9,0,i,uid,10048,com.android.dreams.basic
9,0,i,uid,10049,com.android.cameraextensions
9,0,i,uid,10050,com.android.bookmarkprovider
9,0,i,uid,10051,com.android.pacprocessor
9,0,i,uid,10052,com.android.certinstaller
9,0,i,uid,10053,com.android.companiondevicemanager
9,0,i,uid,10054,com.android.printservice.recommendation
9,0,i,uid,10055,com.android.printspooler
9,0,i,uid,10056,com.android.traceur
9,0,i,uid,10058,vendor.qti.hardware.cacert.server
9,0,i,uid,10058,vendor.qti.iwlan
9,0,i,uid,10058,com.qualcomm.qti.cne
9,0,i,uid,10059,com.qualcomm.timeservice
9,0,i,uid,10061,com.android.settings.intelligence
9,0,i,uid,10062,com.android.onetimeinitializer
9,0,i,uid,10063,com.android.imsserviceentitlement
9,0,i,uid,10064,com.android.contacts
9,0,i,uid,10065,com.android.dialer
9,0,i,uid,10066,org.chromium.webview_shell
9,0,i,uid,10067,com.android.wallpaperpicker
9,0,i,uid,10069,com.android.camera2
9,0,i,uid,10070,com.android.messaging
9,0,i,uid,10071,com.android.webview
9,0,i,uid,10072,com.android.quicksearchbox
9,0,i,uid,10073,com.android.gallery3d
9,0,i,uid,10074,com.android.music
9,0,i,uid,10075,com.android.dreams.phototable
9,0,i,uid,10076,com.android.calendar
9,0,i,uid,10077,com.android.deskclock
9,0,i,uid,10078,com.android.inputmethod.latin
9,0,i,uid,10079,com.android.wallpapercropper
9,0,i,uid,10080,org.codeaurora.ims
9,0,i,uid,10081,com.android.provision
9,0,i,uid,10082,com.android.launcher3
9,0,i,uid,10083,com.android.storagemanager
9,0,i,uid,10084,com.android.emergency
9,0,i,uid,10085,com.android.carrierconfig
9,0,i,uid,10086,com.android.systemui
9,0,i,uid,10087,com.qualcomm.qti.telephonyservice
9,0,i,uid,10089,com.android.permissioncontroller
9,0,i,uid,10090,android.ext.services
9,0,i,uid,10091,com.android.ondevicepersonalization.services
9,0,i,uid,10095,com.android.nearby.halfsheet
9,0,i,uid,10098,com.android.hotspot2.osulogin
9,0,i,uid,10099,com.android.wifi.dialog
9,0,i,uid,10100,com.android.adservices.api
9,0,i,uid,10101,com.android.sdksandbox
9,0,i,uid,10102,com.android.providers.media.module
9,0,i,uid,10103,com.android.cellbroadcastreceiver.module
9,0,i,uid,10104,com.jingdong.app.mall
9,0,i,uid,10105,com.sankuai.meituan.takeoutnew
9,0,i,uid,10106,com.baidu.searchbox
9,0,i,uid,10107,com.taobao.idlefish
9,0,i,uid,10108,com.shizhuang.duapp
9,0,i,uid,10109,com.youku.phone
9,0,i,uid,10110,com.tencent.wemeet.app
9,0,i,uid,10111,com.eg.android.AlipayGphone
9,0,i,uid,10112,com.zhihu.android
9,0,i,uid,10113,cn.wps.moffice_eng
9,0,i,uid,10114,tv.danmaku.bili
9,0,i,uid,10115,com.tencent.mobileqq
9,0,i,uid,10116,com.qiyi.video
9,0,i,uid,10117,com.ss.android.article.news
9,0,i,uid,10118,com.tencent.qqlive
9,0,i,uid,10119,com.tencent.qqmusic
9,0,i,uid,10120,com.taobao.taobao
9,0,i,uid,10121,com.tencent.mm
9,0,i,uid,10122,com.ss.android.ugc.aweme
9,0,i,uid,10123,com.tencent.mtt
9,0,i,uid,10124,com.sohu.inputmethod.sogou
9,0,i,uid,10125,com.sankuai.meituan
9,0,i,uid,10126,com.tmall.wireless
9,0,i,uid,10127,me.ele
9,0,i,uid,10128,com.baidu.BaiduMap
9,0,i,uid,10129,com.dianping.v1
9,0,i,uid,10130,com.baidu.netdisk
9,0,i,uid,10131,com.tmri.app.main
9,0,i,uid,10132,com.moji.mjweather
9,0,i,uid,10133,com.sf.activity
9,0,i,uid,10134,com.sina.weibo
9,0,i,uid,10135,com.duowan.kiwi
9,0,i,uid,10136,com.unionpay
9,0,i,uid,10137,com.intsig.camscanner
9,0,i,uid,10138,cn.gov.tax.its
9,0,i,uid,10139,com.greenpoint.android.mc10086.activity
9,0,i,uid,10140,com.chinamworld.main
9,0,i,uid,10141,com.ct.client
9,0,i,uid,10142,cn.cntv
9,0,i,uid,10143,cmb.pb
9,0,i,uid,10144,com.shark.jizhang
9,0,i,uid,10145,com.taobao.litetao
9,0,i,uid,10146,com.jd.jxj
9,0,i,uid,10147,air.tv.douyu.android
9,0,i,uid,10148,com.xingin.xhs
9,0,i,uid,10149,com.kugou.android
9,0,i,uid,10150,ctrip.android.view
9,0,i,uid,10151,com.smile.gifmaker
9,0,i,uid,10152,com.tencent.tmgp.sgame
9,0,i,uid,10153,com.kuaishou.nebula
9,0,i,uid,10154,com.jd.jdlite
9,0,i,uid,10155,com.MobileTicket
9,0,i,uid,10156,com.lianjia.beike
9,0,i,uid,10157,com.cainiao.wireless
9,0,i,uid,10158,com.xiaomi.hm.health
9,0,i,uid,10159,com.youdao.dict
9,0,i,uid,10160,com.eastmoney.android.fund
9,0,i,uid,10161,com.heytap.market
9,0,i,uid,10162,com.heytap.htms
9,0,i,uid,10163,com.xunmeng.pinduoduo
9,0,i,uid,10164,com.wuba
9,0,i,uid,10165,com.kwai.m2u
9,0,i,dsd,1587196,89,s-,p-,i-
9,0,i,dsd,1672542,90,s-,p-,i-
9,0,i,dsd,1672527,91,s-,p-,i-
9,0,i,ctr,92551000000
9,0,l,bt,0,6053608,6053608,12086761,12086761,1670130425671,6033002,6033002,2447,2491000,2491000,0
9,0,l,gn,0,0,0,0,0,0,0,0,0,0
9,0,l,gmcd,21398,382537,11.281170277777777,0.0,0,0,0,0,0
9,0,l,gwfl,6053608,0,0,0,0
9,0,l,gwfcd,6774,638,0.2473247222222222,0.0,105
9,0,l,m,20606,0,0,201697,0,0,20136,0,11,0,0,0,0,0,0,0,0,0,0,0,0
9,0,l,br,1874,18732,0,0,0
9,0,l,sgt,0,0,0,0,6053608
9,0,l,sst,0
9,0,l,sgc,0,0,0,0,0
9,0,l,dct,0,0,0,0,0,0,0,0,0,0,0,0,0,0,0,0,0,0,0,0,0,0,0
9,0,l,dcc,0,0,0,0,0,0,0,0,0,0,0,0,0,0,0,0,0,0,0,0,0,0,0
9,0,l,wst,0,0,0,0,0,0,0,0
9,0,l,wsc,0,0,0,0,0,0,0,0
9,0,l,wsst,0,6053608,0,0,0,0,0,0,0,0,0,0,0
9,0,l,wssc,0,0,0,0,0,0,0,0,0,0,0,0,0
9,0,l,wsgt,0,0,0,0,0
9,0,l,wsgc,0,0,0,0,0
9,0,l,wmct,0,0
9,0,l,dc,3,4,0,4,117,115,0,0,0,0
9,0,l,kwl,"qrtr_0",0,135,-1,-1
9,0,l,kwl,"msm_g711mlaw",0,0,-1,-1
9,0,l,kwl,"rmt_storage_511952387248",122,1,-1,-1
9,0,l,kwl,"usb",0,0,-1,-1
9,0,l,kwl,"maxfg",115,5,-1,-1
9,0,l,kwl,"epoll_system_server_file:[timerfd21_system_server]",43,120,-1,-1
9,0,l,kwl,"main",0,0,-1,-1
9,0,l,kwl,"SensorsHAL_WAKEUP",0,0,-1,-1
9,0,l,kwl,"alarmtimer",0,0,-1,-1
9,0,l,kwl,"epoll_health@2.1-serv_epollfd",0,48,-1,-1
9,0,l,kwl,"88e0000.qcom,msm-eud",0,0,-1,-1
9,0,l,kwl,"usbpd0",0,0,-1,-1
9,0,l,kwl,"sscrpcd:1065",0,0,-1,-1
9,0,l,kwl,"epoll_system_server_file:inotify",0,0,-1,-1
9,0,l,kwl,"IdleMaint",0,0,-1,-1
9,0,l,kwl,"tcpm-source-psy-usbpd0",0,0,-1,-1
9,0,l,kwl,"qcom-battery",0,0,-1,-1
9,0,l,kwl,"msm_amrwb",0,0,-1,-1
9,0,l,kwl,"epoll_system_server_epollfd",1,402,-1,-1
9,0,l,kwl,"paintbox-ipu",0,0,-1,-1
9,0,l,kwl,"qcril",21,11,-1,-1
9,0,l,kwl,"msm_wmapro",0,0,-1,-1
9,0,l,kwl,"epoll_health@2.1-serv_file:[timerfd6_health@2.1-serv]",247,20,-1,-1
9,0,l,kwl,"msm_ape",0,0,-1,-1
9,0,l,kwl,"c440000.qcom,spmi:qcom,pm8150b@2:qcom,qpnp-smb5",0,0,-1,-1
9,0,l,kwl,"charger",6,1,-1,-1
9,0,l,kwl,"SensorService_wakelock",0,0,-1,-1
9,0,l,kwl,"4-0043",0,1,-1,-1
9,0,l,kwl,"radio-interface",0,0,-1,-1
9,0,l,kwl,"msm_amrnb",0,0,-1,-1
9,0,l,kwl,"msm_g711alaw",0,0,-1,-1
9,0,l,kwl,"rmt_storage_511951346864",0,0,-1,-1
9,0,l,kwl,"msm_amrwbplus",0,0,-1,-1
9,0,l,kwl,"msm_mp3",0,0,-1,-1
9,0,l,kwl,"msm_multi_aac",0,0,-1,-1
9,0,l,kwl,"ApmAudio",0,0,-1,-1
9,0,l,kwl,"msm_qcelp",0,0,-1,-1
9,0,l,kwl,"netmgr_wl",0,0,-1,-1
9,0,l,kwl,"qcom-step-chg",1,5,-1,-1
9,0,l,kwl,"battery",110,5,-1,-1
9,0,l,kwl,"epoll_health@2.1-serv_file:NETLINK",228,28,-1,-1
9,0,l,kwl,"PowerManager.SuspendLockout",210,2,-1,-1
9,0,l,kwl,"PowerManagerService.Display",209,2,-1,-1
9,0,l,kwl,"epoll_InputReader_file:event1",0,0,-1,-1
9,0,l,kwl,"epoll_InputReader_file:event2",0,0,-1,-1
9,0,l,kwl,"pc_port",0,0,-1,-1
9,0,l,kwl,"a600000.ssusb",6032996,0,-1,-1
9,0,l,kwl,"PowerManagerService.WakeLocks",202350,245,-1,-1
9,0,l,kwl,"PowerManagerService.Broadcasts",110,2,-1,-1
9,0,l,kwl,"adsprpc-non_secure",0,0,-1,-1
9,0,l,kwl,"tftp_server_wakelock",9,4,-1,-1
9,0,l,kwl,"epoll_system_server_file:[timerfd20_system_server]",902,216,-1,-1
9,0,l,kwl,"c440000.qcom,spmi:qcom,pm8150@0:qcom,pm8150_rtc",0,0,-1,-1
9,0,l,kwl,"DIAG_WS",170,1553,-1,-1
9,0,l,kwl,"adsprpc-secure",0,0,-1,-1
9,0,l,kwl,"epoll_InputReader_file:event0",0,0,-1,-1
9,0,l,kwl,"c440000.qcom,spmi:qcom,pm8150b@2:qcom,power-on@800",0,0,-1,-1
9,0,l,kwl,"msm_wma",0,0,-1,-1
9,0,l,kwl,"c440000.qcom,spmi:qcom,pm8150l@4:qcom,power-on@800",0,0,-1,-1
9,0,l,kwl,"PowerManagerService.Booting",0,0,-1,-1
9,0,l,kwl,"epoll_system_server_file:",30,402,-1,-1
9,0,l,kwl,"rmt_storage_511915711664",0,0,-1,-1
9,0,l,kwl,"c440000.qcom,spmi:qcom,pm8150@0:qcom,power-on@800",0,0,-1,-1
9,0,l,kwl,"sscrpcd:681",0,0,-1,-1
9,0,l,kwl,"epoll_system_server_file:[timerfd19_system_server]",0,0,-1,-1
9,0,l,kwl,"msm_evrc",0,0,-1,-1
9,0,l,kwl,"epoll_system_server_file:[timerfd23_system_server]",0,0,-1,-1
9,0,l,kwl,"msm_alac",0,0,-1,-1
9,0,l,kwl,"epoll_InputReader_file:v4l-touch28",0,0,-1,-1
9,0,l,kwl,"3-0008",2028,1,-1,-1
9,0,l,kwl,"epoll_system_server_file:[timerfd18_system_server]",0,0,-1,-1
9,0,l,kwl,"18800000.qcom,icnss",0,0,-1,-1
9,0,l,kwl,"qcril_pre_client_init",0,0,-1,-1
9,0,l,kwl,"soc:abc-sm",0,0,-1,-1
9,0,l,kwl,"soc:gpio_keys",0,0,-1,-1
9,0,l,kwl,"1-0061",0,0,-1,-1
9,0,l,kwl,"wireless",0,0,-1,-1
9,0,l,kwl,"msm_aac",0,0,-1,-1
9,0,l,kwl,"ApmOutput",0,0,-1,-1
9,0,l,kwl,"dc",0,0,-1,-1
9,0,l,kwl,"epoll_system_server_file:[timerfd22_system_server]",0,0,-1,-1
9,0,l,rpm,"IAXXX.MPLL_35MHz",0,0
9,0,l,rpm,"IAXXX.MPLL_60MHz",0,0
9,0,l,rpm,"ADSP.Sleep",6052830,0
9,0,l,rpm,"IAXXX.MPLL_10MHz",0,0
9,0,l,rpm,"NFC.Active-RW",355,5
9,0,l,rpm,"IAXXX.MPLL_5MHz",0,0
9,0,l,rpm,"IAXXX.MPLL_3MHz",0,0
9,0,l,rpm,"IAXXX.MPLL_45MHz",0,0
9,0,l,rpm,"Citadel.Active",1681,3
9,0,l,rpm,"Oslo.Off",6054117,0
9,0,l,rpm,"Visual-Core.Unknown",0,0
9,0,l,rpm,"NFC.Active",12364,7
9,0,l,rpm,"Visual-Core.Suspend",0,0
9,0,l,rpm,"SoC.AOSD",0,0
9,0,l,rpm,"Visual-Core.Deep-Sleep",0,0
9,0,l,rpm,"CDSP.Sleep",6052830,0
9,0,l,rpm,"SoC.CXSD",0,0
9,0,l,rpm,"IAXXX.MPLL_50MHz",0,0
9,0,l,rpm,"SLPI_ISLAND.uImage",4425366,187
9,0,l,rpm,"WLAN.Deep-Sleep",6040902,146
9,0,l,rpm,"WLAN.Active",11927,146
9,0,l,rpm,"Citadel.Last-Reset",6559614,0
9,0,l,rpm,"IAXXX.MPLL_6MHz",0,0
9,0,l,rpm,"APSS.Sleep",700948,27366
9,0,l,rpm,"IAXXX.MPLL_80MHz",0,0
9,0,l,rpm,"IAXXX.MPLL_8MHz",0,0
9,0,l,rpm,"Oslo.Interactive",0,0
9,0,l,rpm,"IAXXX.MPLL_40MHz",0,0
9,0,l,rpm,"MPSS.Sleep",5594640,17925
9,0,l,rpm,"GPU.Active",727,0
9,0,l,rpm,"SLPI.Sleep",5856102,402230
9,0,l,rpm,"Visual-Core.Active",0,0
9,0,l,rpm,"Visual-Core.Sleep",0,0
9,0,l,rpm,"NFC.Idle",6040105,3
9,0,l,rpm,"IAXXX.Sleep",5995061,0
9,0,l,rpm,"Visual-Core.Off",6052825,0
9,0,l,rpm,"Citadel.Deep-Sleep",6557933,3
9,0,l,rpm,"IAXXX.MPLL_30MHz",0,0
9,0,l,rpm,"IAXXX.MPLL_55MHz",0,0
9,0,l,rpm,"IAXXX.MPLL_120MHz",59058,17
9,0,l,rpm,"Oslo.Entrance",0,0
9,0,l,rpm,"SoC.DDR",0,0
9,0,l,rpm,"IAXXX.MPLL_15MHz",0,0
9,0,l,pws,2491,117,74.7,99.6
9,0,l,pwi,scrn,1.16,1,0,0
9,0,l,pwi,cpu,49.7,0,0,0
9,0,l,pwi,blue,0,0,0,0
9,0,l,pwi,camera,0,0,0,0
9,0,l,pwi,audio,0,0,0,0
9,0,l,pwi,video,0,0,0,0
9,0,l,pwi,flashlight,0,0,0,0
9,0,l,pwi,???,0.872,0,0,0
9,0,l,pwi,cell,1.68,1,0,0
9,0,l,pwi,sensors,1.30,0,0,0
9,0,l,pwi,gnss,0,0,0,0
9,0,l,pwi,wifi,0.247,0,0,0
9,0,l,pwi,???,9.05,0,0,0
9,0,l,pwi,memory,0,0,0,0
9,0,l,pwi,phone,0,0,0,0
9,0,l,pwi,ambi,0,1,0,0
9,0,l,pwi,idle,18.5,1,0,0
9,0,l,pwi,???,0,0,0,0
9,0,l,pwi,uid,13.8,1,0,0
9,1000,l,pwi,uid,1.14,1,0,0
9,1001,l,pwi,uid,0.0233,1,0,0
9,1002,l,pwi,uid,0,1,0,0
9,1003,l,pwi,uid,0,1,0,0
9,1005,l,pwi,uid,0.000101,1,0,0
9,1010,l,pwi,uid,0.0413,1,0,0
9,1013,l,pwi,uid,0.00366,1,0,0
9,1017,l,pwi,uid,0.000698,1,0,0
9,1021,l,pwi,uid,0.00183,1,0,0
9,1027,l,pwi,uid,0.00117,1,0,0
9,1036,l,pwi,uid,0.364,1,0,0
9,1040,l,pwi,uid,0.00105,1,0,0
9,1041,l,pwi,uid,0.00190,1,0,0
9,1046,l,pwi,uid,0.000178,1,0,0
9,1047,l,pwi,uid,0.00292,1,0,0
9,1053,l,pwi,uid,0,1,0,0
9,1058,l,pwi,uid,0,1,0,0
9,1064,l,pwi,uid,0.000184,1,0,0
9,1066,l,pwi,uid,0.0134,1,0,0
9,1068,l,pwi,uid,0,1,0,0
9,1069,l,pwi,uid,0.00936,1,0,0
9,1072,l,pwi,uid,0,1,0,0
9,1073,l,pwi,uid,0.00173,1,0,0
9,1080,l,pwi,uid,0,1,0,0
9,2000,l,pwi,uid,0.00191,1,0,0
9,2903,l,pwi,uid,0.00147,1,0,0
9,2906,l,pwi,uid,0.00341,1,0,0
9,2907,l,pwi,uid,0,1,0,0
9,9999,l,pwi,uid,0.00463,1,0,0
9,10014,l,pwi,uid,0,0,0,0
9,10015,l,pwi,uid,0,0,0,0
9,10016,l,pwi,uid,0,0,0,0
9,10017,l,pwi,uid,0,0,0,0
9,10018,l,pwi,uid,0,0,0,0
9,10019,l,pwi,uid,0,0,0,0
9,10020,l,pwi,uid,0,0,0,0
9,10021,l,pwi,uid,0,0,0,0
9,10022,l,pwi,uid,0,0,0,0
9,10023,l,pwi,uid,0,0,0,0
9,10024,l,pwi,uid,0,0,0,0
9,10025,l,pwi,uid,0.000937,1,0,0
9,10026,l,pwi,uid,0,0,0,0
9,10027,l,pwi,uid,0,0,0,0
9,10028,l,pwi,uid,0,0,0,0
9,10029,l,pwi,uid,0,0,0,0
9,10030,l,pwi,uid,0,0,0,0
9,10031,l,pwi,uid,0,0,0,0
9,10032,l,pwi,uid,0,1,0,0
9,10033,l,pwi,uid,0,0,0,0
9,10034,l,pwi,uid,0,0,0,0
9,10035,l,pwi,uid,0,0,0,0
9,10036,l,pwi,uid,0,0,0,0
9,10037,l,pwi,uid,0,0,0,0
9,10038,l,pwi,uid,0,0,0,0
9,10039,l,pwi,uid,0,0,0,0
9,10040,l,pwi,uid,0,0,0,0
9,10041,l,pwi,uid,0,0,0,0
9,10042,l,pwi,uid,0,0,0,0
9,10043,l,pwi,uid,0,0,0,0
9,10044,l,pwi,uid,0,0,0,0
9,10045,l,pwi,uid,0,0,0,0
9,10046,l,pwi,uid,0,0,0,0
9,10047,l,pwi,uid,0,0,0,0
9,10048,l,pwi,uid,0,0,0,0
9,10049,l,pwi,uid,0,0,0,0
9,10050,l,pwi,uid,0,0,0,0
9,10051,l,pwi,uid,0,0,0,0
9,10052,l,pwi,uid,0,0,0,0
9,10053,l,pwi,uid,0,0,0,0
9,10054,l,pwi,uid,0,0,0,0
9,10055,l,pwi,uid,0,0,0,0
9,10056,l,pwi,uid,0,0,0,0
9,10058,l,pwi,uid,0.000351,0,0,0.000406
9,10059,l,pwi,uid,0,0,0,0
9,10061,l,pwi,uid,0,0,0,0
9,10062,l,pwi,uid,0,0,0,0
9,10063,l,pwi,uid,0,0,0,0
9,10064,l,pwi,uid,0,0,0,0
9,10065,l,pwi,uid,0,0,0,0
9,10066,l,pwi,uid,0,0,0,0
9,10067,l,pwi,uid,0,0,0,0
9,10069,l,pwi,uid,0,0,0,0
9,10070,l,pwi,uid,0,0,0,0
9,10071,l,pwi,uid,0.000205,0,0,0.000237
9,10072,l,pwi,uid,0,0,0,0
9,10073,l,pwi,uid,0,0,0,0
9,10074,l,pwi,uid,0,0,0,0
9,10075,l,pwi,uid,0,0,0,0
9,10076,l,pwi,uid,0,0,0,0
9,10077,l,pwi,uid,0,0,0,0
9,10078,l,pwi,uid,0,0,0,0
9,10079,l,pwi,uid,0,0,0,0
9,10080,l,pwi,uid,0.000388,0,0,0.000449
9,10081,l,pwi,uid,0,0,0,0
9,10082,l,pwi,uid,0.0358,0,0,0.0415
9,10083,l,pwi,uid,0,0,0,0
9,10084,l,pwi,uid,0,0,0,0
9,10085,l,pwi,uid,0,0,0,0
9,10086,l,pwi,uid,0.543,1,0,0
9,10087,l,pwi,uid,0,0,0,0
9,10089,l,pwi,uid,0,0,0,0
9,10090,l,pwi,uid,0.000738,0,0,0.000854
9,10091,l,pwi,uid,0,0,0,0
9,10095,l,pwi,uid,0,0,0,0
9,10098,l,pwi,uid,0,0,0,0
9,10099,l,pwi,uid,0,0,0,0
9,10100,l,pwi,uid,0,0,0,0
9,10101,l,pwi,uid,0,0,0,0
9,10102,l,pwi,uid,0.0788,0,0,0.0913
9,10103,l,pwi,uid,0.00288,0,0,0.00334
9,10104,l,pwi,uid,0,0,0,0
9,10105,l,pwi,uid,0,0,0,0
9,10106,l,pwi,uid,0,0,0,0
9,10107,l,pwi,uid,0,0,0,0
9,10108,l,pwi,uid,0,0,0,0
9,10109,l,pwi,uid,0,0,0,0
9,10110,l,pwi,uid,0,0,0,0
9,10111,l,pwi,uid,1.56,0,0,1.80
9,10112,l,pwi,uid,13.3,0,0,15.4
9,10113,l,pwi,uid,0,0,0,0
9,10114,l,pwi,uid,0,0,0,0
9,10115,l,pwi,uid,1.49,0,0,1.73
9,10116,l,pwi,uid,0,0,0,0
9,10117,l,pwi,uid,0,0,0,0
9,10118,l,pwi,uid,0,0,0,0
9,10119,l,pwi,uid,0,0,0,0
9,10120,l,pwi,uid,0,0,0,0
9,10121,l,pwi,uid,0.423,0,0,0.490
9,10122,l,pwi,uid,0,0,0,0
9,10123,l,pwi,uid,0,0,0,0
9,10124,l,pwi,uid,0.0330,0,0,0.0383
9,10125,l,pwi,uid,0,0,0,0
9,10126,l,pwi,uid,0,0,0,0
9,10127,l,pwi,uid,0,0,0,0
9,10128,l,pwi,uid,0,0,0,0
9,10129,l,pwi,uid,0,0,0,0
9,10130,l,pwi,uid,0,0,0,0
9,10131,l,pwi,uid,0,0,0,0
9,10132,l,pwi,uid,0.434,0,0,0.502
9,10133,l,pwi,uid,0,0,0,0
9,10134,l,pwi,uid,1.63,0,0,1.88
9,10135,l,pwi,uid,0,0,0,0
9,10136,l,pwi,uid,0,0,0,0
9,10137,l,pwi,uid,0,0,0,0
9,10138,l,pwi,uid,0,0,0,0
9,10139,l,pwi,uid,0,0,0,0
9,10140,l,pwi,uid,0,0,0,0
9,10141,l,pwi,uid,23.6,0,0,27.3
9,10142,l,pwi,uid,0,0,0,0
9,10143,l,pwi,uid,0,0,0,0
9,10144,l,pwi,uid,0,0,0,0
9,10145,l,pwi,uid,0,0,0,0
9,10146,l,pwi,uid,0,0,0,0
9,10147,l,pwi,uid,0,0,0,0
9,10148,l,pwi,uid,0,0,0,0
9,10149,l,pwi,uid,0,0,0,0
9,10150,l,pwi,uid,0,0,0,0
9,10151,l,pwi,uid,0.914,0,0,1.06
9,10152,l,pwi,uid,0,0,0,0
9,10153,l,pwi,uid,0.631,0,0,0.731
9,10154,l,pwi,uid,0,0,0,0
9,10155,l,pwi,uid,0,0,0,0
9,10156,l,pwi,uid,0,0,0,0
9,10157,l,pwi,uid,0,0,0,0
9,10158,l,pwi,uid,0.0000105,0,0,0.0000122
9,10159,l,pwi,uid,0,0,0,0
9,10160,l,pwi,uid,0,0,0,0
9,10161,l,pwi,uid,0,0,0,0
9,10162,l,pwi,uid,0,0,0,0
9,10163,l,pwi,uid,0,0,0,0
9,10164,l,pwi,uid,0,0,0,0
9,10165,l,pwi,uid,0,0,0,0
9,50014,l,pwi,uid,0,0,0,0
9,50015,l,pwi,uid,0,0,0,0
9,50016,l,pwi,uid,0,0,0,0
9,50017,l,pwi,uid,0,0,0,0
9,50018,l,pwi,uid,0,0,0,0
9,50019,l,pwi,uid,0,0,0,0
9,50020,l,pwi,uid,0,0,0,0
9,50021,l,pwi,uid,0,0,0,0
9,50022,l,pwi,uid,0,0,0,0
9,50023,l,pwi,uid,0,0,0,0
9,50024,l,pwi,uid,0,0,0,0
9,50025,l,pwi,uid,0,0,0,0
9,50026,l,pwi,uid,0,0,0,0
9,50027,l,pwi,uid,0,0,0,0
9,50028,l,pwi,uid,0,0,0,0
9,50029,l,pwi,uid,0,0,0,0
9,50030,l,pwi,uid,0,0,0,0
9,50031,l,pwi,uid,0,0,0,0
9,50032,l,pwi,uid,0,0,0,0
9,50033,l,pwi,uid,0,0,0,0
9,50034,l,pwi,uid,0,0,0,0
9,50035,l,pwi,uid,0,0,0,0
9,50036,l,pwi,uid,0,0,0,0
9,50037,l,pwi,uid,0,0,0,0
9,50038,l,pwi,uid,0,0,0,0
9,50039,l,pwi,uid,0,0,0,0
9,50040,l,pwi,uid,0,0,0,0
9,50041,l,pwi,uid,0,0,0,0
9,50042,l,pwi,uid,0,0,0,0
9,50043,l,pwi,uid,0,0,0,0
9,50044,l,pwi,uid,0,0,0,0
9,50045,l,pwi,uid,0,0,0,0
9,50046,l,pwi,uid,0,0,0,0
9,50047,l,pwi,uid,0,0,0,0
9,50048,l,pwi,uid,0,0,0,0
9,50049,l,pwi,uid,0,0,0,0
9,50050,l,pwi,uid,0,0,0,0
9,50051,l,pwi,uid,0,0,0,0
9,50052,l,pwi,uid,0,0,0,0
9,50053,l,pwi,uid,0,0,0,0
9,50054,l,pwi,uid,0,0,0,0
9,50055,l,pwi,uid,0,0,0,0
9,50056,l,pwi,uid,0,0,0,0
9,50058,l,pwi,uid,0,0,0,0
9,50059,l,pwi,uid,0,0,0,0
9,50061,l,pwi,uid,0,0,0,0
9,50062,l,pwi,uid,0,0,0,0
9,50063,l,pwi,uid,0,0,0,0
9,50064,l,pwi,uid,0,0,0,0
9,50065,l,pwi,uid,0,0,0,0
9,50066,l,pwi,uid,0,0,0,0
9,50067,l,pwi,uid,0,0,0,0
9,50069,l,pwi,uid,0,0,0,0
9,50070,l,pwi,uid,0,0,0,0
9,50071,l,pwi,uid,0,0,0,0
9,50072,l,pwi,uid,0,0,0,0
9,50073,l,pwi,uid,0,0,0,0
9,50074,l,pwi,uid,0,0,0,0
9,50075,l,pwi,uid,0,0,0,0
9,50076,l,pwi,uid,0,0,0,0
9,50077,l,pwi,uid,0,0,0,0
9,50078,l,pwi,uid,0,0,0,0
9,50079,l,pwi,uid,0,0,0,0
9,50080,l,pwi,uid,0,0,0,0
9,50081,l,pwi,uid,0,0,0,0
9,50082,l,pwi,uid,0,0,0,0
9,50083,l,pwi,uid,0,0,0,0
9,50084,l,pwi,uid,0,0,0,0
9,50085,l,pwi,uid,0,0,0,0
9,50086,l,pwi,uid,0,0,0,0
9,50087,l,pwi,uid,0,0,0,0
9,50089,l,pwi,uid,0,0,0,0
9,50090,l,pwi,uid,0,0,0,0
9,50091,l,pwi,uid,0,0,0,0
9,50095,l,pwi,uid,0,0,0,0
9,50098,l,pwi,uid,0,0,0,0
9,50099,l,pwi,uid,0,0,0,0
9,50100,l,pwi,uid,0,0,0,0
9,50102,l,pwi,uid,0,0,0,0
9,50103,l,pwi,uid,0,0,0,0
9,50104,l,pwi,uid,0,0,0,0
9,50105,l,pwi,uid,0,0,0,0
9,50106,l,pwi,uid,0,0,0,0
9,50107,l,pwi,uid,0,0,0,0
9,50108,l,pwi,uid,0,0,0,0
9,50109,l,pwi,uid,0,0,0,0
9,50110,l,pwi,uid,0,0,0,0
9,50111,l,pwi,uid,0,0,0,0
9,50112,l,pwi,uid,0,0,0,0
9,50113,l,pwi,uid,0,0,0,0
9,50114,l,pwi,uid,0,0,0,0
9,50115,l,pwi,uid,0,0,0,0
9,50116,l,pwi,uid,0,0,0,0
9,50117,l,pwi,uid,0,0,0,0
9,50118,l,pwi,uid,0,0,0,0
9,50119,l,pwi,uid,0,0,0,0
9,50120,l,pwi,uid,0,0,0,0
9,50121,l,pwi,uid,0,0,0,0
9,50122,l,pwi,uid,0,0,0,0
9,50123,l,pwi,uid,0,0,0,0
9,50124,l,pwi,uid,0,0,0,0
9,50125,l,pwi,uid,0,0,0,0
9,50126,l,pwi,uid,0,0,0,0
9,50127,l,pwi,uid,0,0,0,0
9,50128,l,pwi,uid,0,0,0,0
9,50129,l,pwi,uid,0,0,0,0
9,50131,l,pwi,uid,0,0,0,0
9,50132,l,pwi,uid,0,0,0,0
9,50133,l,pwi,uid,0,0,0,0
9,50134,l,pwi,uid,0,0,0,0
9,50135,l,pwi,uid,0,0,0,0
9,50136,l,pwi,uid,0,0,0,0
9,50137,l,pwi,uid,0,0,0,0
9,50138,l,pwi,uid,0,0,0,0
9,50139,l,pwi,uid,0,0,0,0
9,50140,l,pwi,uid,0,0,0,0
9,50141,l,pwi,uid,0,0,0,0
9,50142,l,pwi,uid,0,0,0,0
9,50143,l,pwi,uid,0,0,0,0
9,50144,l,pwi,uid,0,0,0,0
9,50145,l,pwi,uid,0,0,0,0
9,50146,l,pwi,uid,0,0,0,0
9,50147,l,pwi,uid,0,0,0,0
9,50148,l,pwi,uid,0,0,0,0
9,50149,l,pwi,uid,0,0,0,0
9,50150,l,pwi,uid,0,0,0,0
9,50151,l,pwi,uid,0,0,0,0
9,50152,l,pwi,uid,0,0,0,0
9,50153,l,pwi,uid,0,0,0,0
9,50154,l,pwi,uid,0,0,0,0
9,50155,l,pwi,uid,0,0,0,0
9,50156,l,pwi,uid,0,0,0,0
9,50157,l,pwi,uid,0,0,0,0
9,50158,l,pwi,uid,0,0,0,0
9,50159,l,pwi,uid,0,0,0,0
9,50160,l,pwi,uid,0,0,0,0
9,50161,l,pwi,uid,0,0,0,0
9,50162,l,pwi,uid,0,0,0,0
9,50163,l,pwi,uid,0,0,0,0
9,50164,l,pwi,uid,0,0,0,0
9,50165,l,pwi,uid,0,0,0,0
9,0,l,gcf,300000,403200,499200,576000,672000,768000,844800,940800,1036800,1113600,1209600,1305600,1382400,1478400,1555200,1632000,1708800,1785600,710400,825600,940800,1056000,1171200,1286400,1401600,1497600,1612800,1708800,1804800,1920000,2016000,2131200,2227200,2323200,2419200,825600,940800,1056000,1171200,1286400,1401600,1497600,1612800,1708800,1804800,1920000,2016000,2131200,2227200,2323200,2419200,2534400,2649600,2745600,2841600
9,0,l,cpu,8597,245960,0
9,0,l,ctf,A,55,0,0,0,27174,225,165,93,26922,78551,21560,14459,11196,6975,6408,3702,2688,2435,41253,846,7,7,6,6,8,2,95,3813,7,225,41,4,2,0,5,82,10267,8,11,0,23,9,8,13,3,439,36,3,2,4,6,4,3,4,2,33,0,0,0,26820,224,162,88,26687,77782,21359,14279,11051,6826,6317,3551,2498,2328,39485,809,1,4,0,4,0,1,92,3775,5,221,34,4,1,0,3,4,10142,6,6,0,0,0,0,6,1,429,34,0,1,2,4,0,0,0,2,1
9,0,l,pr,"kworker/u17:2",0,60,0,0,0,0
9,0,l,pr,"kworker/u17:0",0,20,0,0,0,0
9,0,l,pr,"kworker/u16:8",0,7560,0,0,0,0
9,0,l,pr,"kworker/u16:7",0,24110,0,0,0,0
9,0,l,pr,"kworker/u16:3",0,13490,0,0,0,0
9,0,l,pr,"kworker/u16:1",0,10290,0,0,0,0
9,0,l,pr,"kworker/u16:0",0,11320,0,0,0,0
9,0,l,pr,"irq/548-chg-sta",0,10,0,0,0,0
9,0,l,pr,"kworker/3:1H",0,30,0,0,0,0
9,0,l,pr,"kworker/2:1H",0,20,0,0,0,0
9,0,l,pr,"kworker/1:1H",0,20,0,0,0,0
9,0,l,pr,"kworker/0:1H",0,20,0,0,0,0
9,0,l,pr,"storaged",140,110,0,0,0,0
9,0,l,pr,"migration/1",0,30,0,0,0,0
9,0,l,pr,"migration/0",0,40,0,0,0,0
9,0,l,pr,"ksoftirqd/7",0,50,0,0,0,0
9,0,l,pr,"ksoftirqd/6",0,50,0,0,0,0
9,0,l,pr,"ksoftirqd/5",0,50,0,0,0,0
9,0,l,pr,"ksoftirqd/4",0,20,0,0,0,0
9,0,l,pr,"ksoftirqd/3",0,7150,0,0,0,0
9,0,l,pr,"ksoftirqd/2",0,6880,0,0,0,0
9,0,l,pr,"ksoftirqd/1",0,11460,0,0,0,0
9,0,l,pr,"ksoftirqd/0",0,13310,0,0,0,0
9,0,l,pr,"msm_watchdog",0,1220,0,0,0,0
9,0,l,pr,"crtc_event:125",0,10,0,0,0,0
9,0,l,pr,"irq/32-90b6400.",0,4260,0,0,0,0
9,0,l,pr,"kworker/u16:16",0,7240,0,0,0,0
9,0,l,pr,"kworker/u16:15",0,13720,0,0,0,0
9,0,l,pr,"kworker/u16:14",0,8020,0,0,0,0
9,0,l,pr,"kworker/u16:13",0,12710,0,0,0,0
9,0,l,pr,"kworker/u16:12",0,21650,0,0,0,0
9,0,l,pr,"kworker/u16:11",0,8990,0,0,0,0
9,0,l,pr,"kworker/u16:10",0,10830,0,0,0,0
9,0,l,pr,"irq/33-90cd000.",0,950,0,0,0,0
9,0,l,pr,"rcuos/7",0,10,0,0,0,0
9,0,l,pr,"rcuos/6",0,20,0,0,0,0
9,0,l,pr,"rcuos/5",0,10,0,0,0,0
9,0,l,pr,"rcuos/4",0,20,0,0,0,0
9,0,l,pr,"rcuos/2",0,10,0,0,0,0
9,0,l,pr,"rcuos/1",0,60,0,0,0,0
9,0,l,pr,"rcuos/0",0,270,0,0,0,0
9,0,l,pr,"rcuop/7",0,80,0,0,0,0
9,0,l,pr,"rcuop/6",0,460,0,0,0,0
9,0,l,pr,"rcuop/5",0,110,0,0,0,0
9,0,l,pr,"rcuop/4",0,470,0,0,0,0
9,0,l,pr,"rcuop/3",0,190,0,0,0,0
9,0,l,pr,"rcuop/2",0,500,0,0,0,0
9,0,l,pr,"rcuop/1",0,2090,0,0,0,0
9,0,l,pr,"rcuop/0",0,10080,0,0,0,0
9,0,l,pr,"zygote64",0,530,0,0,0,0
9,0,l,pr,"irq/66-max1720x",0,10,0,0,0,0
9,0,l,pr,"scheduler_threa",0,150,0,0,0,0
9,0,l,pr,"kworker/7:2",0,110,0,0,0,0
9,0,l,pr,"kworker/7:1",0,170,0,0,0,0
9,0,l,pr,"kworker/7:0",0,20,0,0,0,0
9,0,l,pr,"kworker/6:2",0,500,0,0,0,0
9,0,l,pr,"kworker/5:1",0,300,0,0,0,0
9,0,l,pr,"kworker/4:0",0,320,0,0,0,0
9,0,l,pr,"kworker/3:2",0,200,0,0,0,0
9,0,l,pr,"kworker/3:1",0,340,0,0,0,0
9,0,l,pr,"kworker/3:0",0,2600,0,0,0,0
9,0,l,pr,"kworker/2:2",10,1330,0,0,0,0
9,0,l,pr,"kworker/2:1",0,5480,0,0,0,0
9,0,l,pr,"kworker/2:0",0,4500,0,0,0,0
9,0,l,pr,"kworker/1:2",0,840,0,0,0,0
9,0,l,pr,"kworker/1:1",0,3850,0,0,0,0
9,0,l,pr,"kworker/1:0",0,180,0,0,0,0
9,0,l,pr,"kworker/0:2",0,3840,0,0,0,0
9,0,l,pr,"kworker/0:1",0,1210,0,0,0,0
9,0,l,pr,"wlan_logging_th",0,30,0,0,0,0
9,0,l,pr,"qrtr_rx",0,2050,0,0,0,0
9,0,l,pr,"kthreadd",0,30,0,0,0,0
9,0,l,pr,"rcu_sched",0,160,0,0,0,0
9,0,l,pr,"rcu_preempt",0,5560,0,0,0,0
9,0,l,pr,"vold",20,30,0,0,0,0
9,0,l,pr,"spi5",0,20,0,0,0,0
9,0,l,pr,"netd",3590,10740,0,0,0,0
9,0,l,pr,"init",250,170,0,0,0,0
9,0,l,pr,"kgsl_worker_thr",0,30,0,0,0,0
9,0,l,pr,"kswapd0",0,330,0,0,0,0
9,0,l,pr,"ueventd",420,10,0,0,0,0
9,0,l,pr,"crtc_commit:125",0,290,0,0,0,0
9,0,l,pr,"irq/588-aicl-do",0,10,0,0,0,0
9,0,l,pr,"msm_irqbalance",3430,4340,0,0,0,0
9,0,l,pr,"f2fs_ckpt-253:3",0,230,0,0,0,0
9,0,l,pr,"iptables-restore",50,150,0,0,0,0
9,0,l,pr,"system",0,30,0,0,0,0
9,0,l,pr,"kauditd",0,60,0,0,0,0
9,0,l,pr,"kcompactd0",0,30,0,0,0,0
9,0,l,pr,"psimon",0,40,0,0,0,0
9,0,l,pr,"loop31",0,10,0,0,0,0
9,0,l,pr,"loop19",0,10,0,0,0,0
9,0,l,pr,"irq/569-usbin-i",0,20,0,0,0,0
9,0,l,pr,"ip6tables-restore",30,60,0,0,0,0
9,0,l,pr,"f2fs_discard-25",0,90,0,0,0,0
9,0,l,pr,"android.hardware.power-service.pixel-libperfmgr",0,10,0,0,0,0
9,0,l,pr,"thermal-engine",10,10,0,0,0,0
9,1000,l,ua,5,0,5,0,0
9,1000,l,awl,1560,1560
9,1000,l,wl,ActivityManager-Sleep,0,f,0,0,0,0,0,p,0,0,0,0,0,bp,0,0,0,0,0,w,0,0,0,0
9,1000,l,wl,*dexopt*,0,f,0,0,0,0,0,p,0,0,0,0,0,bp,0,0,0,0,0,w,0,0,0,0
9,1000,l,wl,*location*:GnssLocationProvider,0,f,0,0,0,0,0,p,0,0,0,0,0,bp,0,0,0,0,0,w,0,0,0,0
9,1000,l,wl,*alarm*,0,f,0,0,0,0,286,p,58,0,21,336,336,bp,58,0,21,336,0,w,0,0,0,0
9,1000,l,wl,*job*/android/com.android.server.pm.DynamicCodeLoggingService,0,f,0,0,0,0,163,p,1,0,194,194,194,bp,1,0,194,194,0,w,0,0,0,0
9,1000,l,wl,*vibrator*,0,f,0,0,0,0,0,p,0,0,0,0,0,bp,0,0,0,0,0,w,0,0,0,0
9,1000,l,wl,NetworkStats,0,f,0,0,0,0,883,p,114,0,15,968,968,bp,114,0,15,968,0,w,0,0,0,0
9,1000,l,wl,*telephony-radio*,0,f,0,0,0,0,64,p,11,0,7,64,64,bp,11,0,7,64,0,w,0,0,0,0
9,1000,l,wl,*job*/android/com.android.server.pm.BackgroundDexOptJobService,0,f,0,0,0,0,0,p,0,0,0,0,0,bp,0,0,0,0,0,w,0,0,0,0
9,1000,l,wl,NetworkTimeUpdateService,0,f,0,0,0,0,0,p,0,0,0,0,0,bp,0,0,0,0,0,w,0,0,0,0
9,1000,l,wl,startDream,0,f,0,0,0,0,34,p,1,0,51,51,51,bp,1,0,51,51,0,w,0,0,0,0
9,1000,l,wl,SyncLoopWakeLock,0,f,0,0,0,0,0,p,0,0,0,0,0,bp,0,0,0,0,0,w,0,0,0,0
9,1000,l,jb,"android/com.android.server.pm.DynamicCodeLoggingService",192,1,192,1
9,1000,l,jbc,"android/com.android.server.pm.DynamicCodeLoggingService",0,0,0,0,0,0,0,0,0,0,0,1
9,1000,l,sr,11,10414,1,1,20828,20828
9,1000,l,sr,51,20615,1,1,20615,20615
9,1000,l,sr,11081,20610,1,1,20610,20610
9,1000,l,sr,32779,6053608,0,0,6053608,6053608
9,1000,l,sr,32783,20189,2,2,20189,20189
9,1000,l,vib,2270,4
9,1000,l,cpu,43274,29963,0
9,1000,l,ctf,A,55,0,0,0,2068,66,70,12,3506,11859,5369,5351,4120,2448,2837,2020,1909,1436,24923,3218,96,48,90,22,92,23,47,837,17,65,36,27,119,3,15,443,119,0,4,1,18,3,6,6,1,3,10,1,2,1,1,2,1,2,8,23,0,0,0,1976,63,68,12,3380,11507,5265,5217,4002,2330,2635,1631,1495,1193,20852,3110,87,39,69,11,28,13,15,761,3,46,22,16,118,0,5,108,64,0,1,0,0,0,0,0,0,1,9,0,1,0,0,0,0,0,0,0
9,1000,l,pr,"pd-mapper",0,10,0,0,0,0
9,1000,l,pr,"android.hardware.memtrack@1.0-service",170,310,0,0,0,0
9,1000,l,pr,"rlsservice",30,130,0,0,0,0
9,1000,l,pr,"android.hardware.power.stats@1.0-service.pixel",50,140,0,0,0,0
9,1000,l,pr,"servicemanager",540,0,0,0,0,0
9,1000,l,pr,"qseecomd",0,10,0,0,0,0
9,1000,l,pr,"vendor.google.wireless_charger@1.3-service-vendor",0,10,0,0,0,0
9,1000,l,pr,"android.system.suspend@1.0-service",170,710,0,0,0,0
9,1000,l,pr,"pixelstats-vendor",10,50,0,0,0,0
9,1000,l,pr,"android.hardware.sensors@2.0-service.multihal",6080,3760,0,0,0,0
9,1000,l,pr,"android.hardware.usb.gadget-service.coral",0,10,0,0,0,0
9,1000,l,pr,"android.hardware.thermal@2.0-service.pixel",30,40,0,0,0,0
9,1000,l,pr,"surfaceflinger",760,470,0,0,0,0
9,1000,l,pr,"android.hardware.usb-service.coral",40,0,0,0,0,0
9,1000,l,pr,"system",34890,24270,0,0,0,0
9,1000,l,pr,"android.hardware.health@2.1-service",170,930,0,0,0,0
9,1000,l,pr,"android.hardware.keymaster@4.0-service-qti",0,20,0,0,0,0
9,1000,l,pr,"hwservicemanager",490,50,0,0,0,0
9,1000,l,pr,"pm-service",0,10,0,0,0,0
9,1000,l,pr,"vendor.qti.hardware.display.allocator-service",0,50,0,0,0,0
9,1000,l,pr,"android.hardware.graphics.composer@2.4-service-sm8150",480,290,0,0,0,0
9,1000,l,pr,"vndservicemanager",60,40,0,0,0,0
9,1000,l,wua,*walarm*:JS idleness,1
9,1000,l,wua,*walarm*:WifiConnectivityManager Schedule Watchdog Timer,5
9,1000,l,apk,6,android,com.android.server.pm.DynamicCodeLoggingService,0,0,1
9,1001,l,awl,391,0
9,1001,l,wl,RILJ_ACK_WL,0,f,0,0,0,0,0,p,0,0,0,0,0,bp,0,0,0,0,0,w,0,0,0,0
9,1001,l,wl,*dexopt*,0,f,0,0,0,0,0,p,0,0,0,0,0,bp,0,0,0,0,0,w,0,0,0,0
9,1001,l,wl,*telephony-radio*,0,f,0,0,0,0,391,p,50,0,37,391,0,bp,0,0,0,0,0,w,0,0,0,0
9,1001,l,st,0,0,6053608,0,0,0,0
9,1001,l,cpu,626,347,0
9,1001,l,ctf,A,55,0,0,0,19,0,0,0,54,124,134,95,31,30,38,15,20,10,307,49,3,3,1,0,0,0,1,4,0,6,0,1,0,0,1,27,12,1,0,0,0,0,0,0,0,1,0,0,0,0,0,1,0,0,0,6,0,0,0,19,0,0,0,54,108,132,93,29,28,17,9,9,5,210,44,3,1,0,0,0,0,1,1,0,0,0,0,0,0,0,0,10,1,0,0,0,0,0,0,0,0,0,0,0,0,0,0,0,0,0,0
9,1001,l,ctf,F,55,0,0,0,19,0,0,0,54,124,134,95,31,30,38,15,20,10,309,49,3,1,0,0,1,0,1,4,0,6,0,1,0,0,1,27,12,1,0,0,0,0,0,0,0,1,0,0,0,0,0,1,0,0,0,6,0,0,0,19,0,0,0,54,122,132,93,29,28,17,9,9,5,242,44,3,1,0,0,0,0,1,1,0,0,0,0,0,0,0,23,11,1,0,0,0,0,0,0,0,0,0,0,0,0,0,0,0,0,0,4
9,1001,l,pr,"netmgrd",0,10,0,0,0,0
9,1001,l,pr,"imsdatadaemon",0,20,0,0,0,0
9,1001,l,pr,"com.android.phone",480,170,0,0,0,0
9,1001,l,pr,"qcrild",190,120,0,0,0,0
9,1001,l,pr,"ims_rtp_daemon",10,40,0,0,0,0
9,1001,l,apk,0,com.qualcomm.qcrilmsgtunnel,com.qualcomm.qcrilmsgtunnel.QcrilMsgTunnelService,0,0,1
9,1002,l,awl,0,0
9,1002,l,wl,*dexopt*,0,f,0,0,0,0,0,p,0,0,0,0,0,bp,0,0,0,0,0,w,0,0,0,0
9,1005,l,cpu,2,1,0
9,1005,l,ctf,A,55,0,0,0,0,0,0,0,0,1,1,0,0,0,1,0,0,0,2,0,0,0,0,0,0,0,0,0,0,0,0,0,0,0,0,0,0,0,0,0,0,0,0,0,0,0,0,0,0,0,0,0,0,0,0,0,0,0,0,0,0,0,0,0,1,0,0,0,0,0,0,0,0,0,0,0,0,0,0,0,0,0,0,0,0,0,0,0,0,0,0,0,0,0,0,0,0,0,0,0,0,0,0,0,0,0,0,0,0,0,0
9,1005,l,pr,"crash_event_logger",10,0,0,0,0,0
9,1010,l,wfl,0,10818000,0,6,0,0,0,6,10818,10818
9,1010,l,wfcd,0,638,0.0,0.0,105
9,1010,l,cpu,195,211,0
9,1010,l,ctf,A,55,0,0,0,33,1,0,0,27,88,42,20,34,26,10,19,8,5,95,4,0,0,0,0,0,0,0,0,0,0,0,0,0,0,0,1,25,0,0,0,0,0,0,0,0,0,0,0,0,0,0,0,0,0,0,3,0,0,0,32,1,0,0,27,88,42,20,34,22,9,18,5,3,64,3,0,0,0,0,0,0,0,0,0,0,0,0,0,0,0,0,22,0,0,0,0,0,0,0,0,0,0,0,0,0,0,0,0,0,0,0
9,1010,l,pr,"wpa_supplicant",50,110,0,0,0,0
9,1010,l,pr,"wificond",40,10,0,0,0,0
9,1010,l,pr,"vendor.google.wifi_ext@1.0-service-vendor",140,90,0,0,0,0
9,1013,l,cpu,29,97,0
9,1013,l,ctf,A,55,0,0,0,0,0,0,0,0,0,0,0,0,0,0,0,0,0,69,21,0,1,2,7,0,0,0,6,0,20,0,0,0,0,1,4,0,0,0,0,0,0,0,0,0,0,0,0,0,0,0,0,0,0,0,0,0,0,0,0,0,0,0,0,0,0,0,0,0,0,0,0,0,38,21,0,1,2,7,0,0,0,6,0,20,0,0,0,0,0,0,0,0,0,0,0,0,0,0,0,0,0,0,0,0,0,0,0,0,0,0
9,1013,l,pr,"mediaserver",20,10,0,0,0,0
9,1013,l,pr,"android.hardware.drm-service.widevine",10,80,0,0,0,0
9,1017,l,cpu,11,1,0
9,1017,l,ctf,A,55,0,0,0,0,0,0,0,0,0,0,0,0,0,0,1,0,0,3,0,1,0,0,1,0,4,0,1,0,0,2,3,0,0,0,2,0,0,0,0,0,0,0,0,0,0,0,0,0,0,0,0,0,0,0,0,0,0,0,0,0,0,0,0,0,0,0,0,0,0,1,0,0,1,0,1,0,0,0,0,4,0,1,0,0,2,3,0,0,0,0,0,0,0,0,0,0,0,0,0,0,0,0,0,0,0,0,0,0,0,0
9,1017,l,pr,"keystore2",10,0,0,0,0,0
9,1021,l,cpu,51,46,0
9,1021,l,ctf,A,55,0,0,0,1,0,0,0,7,25,17,5,14,5,0,2,1,1,13,1,0,0,0,0,0,0,0,0,0,0,0,0,0,0,0,0,2,0,0,0,0,0,0,0,0,0,0,0,0,0,0,0,0,0,0,1,0,0,0,1,0,0,0,7,25,17,4,14,0,0,2,1,1,13,1,0,0,0,0,0,0,0,0,0,0,0,0,0,0,0,0,1,0,0,0,0,0,0,0,0,0,0,0,0,0,0,0,0,0,0,0
9,1021,l,pr,"lowi-server",20,20,0,0,0,0
9,1021,l,pr,"android.hardware.gnss@2.1-service-qti",10,10,0,0,0,0
9,1021,l,pr,"xtra-daemon",20,30,0,0,0,0
9,1027,l,awl,0,0
9,1027,l,wl,*dexopt*,0,f,0,0,0,0,0,p,0,0,0,0,0,bp,0,0,0,0,0,w,0,0,0,0
9,1027,l,st,0,0,6053608,0,0,0,0
9,1027,l,cpu,12,19,0
9,1027,l,ctf,A,55,0,0,0,1,0,0,0,0,0,0,2,1,0,0,0,0,0,17,5,0,1,0,0,1,0,0,0,0,0,0,0,0,0,1,5,0,0,0,0,0,0,1,0,0,0,0,0,0,0,0,0,0,0,0,1,0,0,0,0,0,0,0,0,0,0,0,0,0,0,0,0,0,7,4,0,1,0,0,0,0,0,0,0,0,0,0,0,0,0,0,0,0,0,0,0,0,0,0,0,0,0,0,0,0,0,0,0,0,0,0
9,1027,l,ctf,F,55,0,0,0,1,0,0,0,0,0,0,2,1,0,0,0,0,0,17,5,0,1,0,0,1,0,0,0,0,0,0,0,0,0,1,5,0,0,0,0,0,0,1,0,0,0,0,0,0,0,0,0,0,0,0,1,0,0,0,0,0,0,0,0,0,0,0,0,0,0,0,0,0,8,4,0,1,0,0,0,0,0,0,0,0,0,0,0,0,0,0,0,0,0,0,0,0,0,0,0,0,0,0,0,0,0,0,0,0,0,0
9,1027,l,pr,"com.android.nfc",10,0,0,0,0,0
9,1036,l,cpu,9475,7795,0
9,1036,l,ctf,A,55,0,0,0,182,5,3,2,1285,3780,1637,2429,1611,801,762,449,318,225,4653,0,0,0,0,0,0,0,0,0,0,0,0,0,0,0,0,0,0,0,0,0,0,0,0,0,0,0,0,0,0,0,0,0,0,0,0,0,0,0,0,176,5,3,2,1258,3734,1620,2397,1593,788,752,440,306,213,4405,0,0,0,0,0,0,0,0,0,0,0,0,0,0,0,0,0,0,0,0,0,0,0,0,0,0,0,0,0,0,0,0,0,0,0,0,0
9,1036,l,pr,"logd",4880,6740,0,0,0,0
9,1036,l,pr,"logcat",4770,1740,0,0,0,0
9,1040,l,cpu,22,8,0
9,1040,l,ctf,A,55,0,0,0,0,0,0,0,0,0,0,0,0,0,0,0,0,0,29,0,0,0,0,0,0,0,0,0,0,0,0,0,0,0,0,4,0,0,0,0,0,0,0,0,0,0,0,0,0,0,0,0,0,0,0,0,0,0,0,0,0,0,0,0,0,0,0,0,0,0,0,0,0,0,0,0,0,0,0,0,0,0,0,0,0,0,0,0,0,0,0,0,0,0,0,0,0,0,0,0,0,0,0,0,0,0,0,0,0,0,0
9,1040,l,pr,"media.extractor",10,10,0,0,0,0
9,1041,l,awl,0,0
9,1041,l,wl,AudioMix,0,f,0,0,0,0,0,p,0,0,0,0,0,bp,0,0,0,0,0,w,0,0,0,0
9,1041,l,cpu,43,48,0
9,1041,l,ctf,A,55,0,0,0,0,0,0,0,1,4,4,4,4,2,1,1,0,0,25,27,0,1,1,0,0,1,0,0,0,1,0,0,0,0,1,4,0,0,0,0,0,0,0,0,0,0,0,0,0,0,0,0,0,0,0,0,0,0,0,0,0,0,0,1,4,4,4,4,2,1,0,0,0,17,25,0,1,0,0,0,1,0,0,0,1,0,0,0,0,0,1,0,0,0,0,0,0,0,0,0,0,0,0,0,0,0,0,0,0,0,0
9,1041,l,pr,"android.hardware.audio.service",10,10,0,0,0,0
9,1041,l,pr,"audioserver",40,50,0,0,0,0
9,1046,l,cpu,1,3,0
9,1046,l,ctf,A,55,0,0,0,0,0,0,0,0,0,0,0,0,0,0,0,0,0,4,0,0,0,0,0,0,0,0,0,0,0,0,0,0,0,0,1,0,0,0,0,0,0,0,0,0,0,0,0,0,0,0,0,0,0,0,0,0,0,0,0,0,0,0,0,0,0,0,0,0,0,0,0,0,0,0,0,0,0,0,0,0,0,0,0,0,0,0,0,0,0,0,0,0,0,0,0,0,0,0,0,0,0,0,0,0,0,0,0,0,0,0
9,1047,l,cpu,66,106,0
9,1047,l,ctf,A,55,0,0,0,0,0,0,0,0,7,10,8,5,3,2,1,1,0,24,52,1,1,1,0,0,0,0,0,1,0,0,1,1,0,0,1,31,0,0,0,0,0,0,0,0,1,1,0,0,0,0,0,0,0,0,1,0,0,0,0,0,0,0,0,7,10,8,4,3,2,1,1,0,23,51,1,1,0,0,0,0,0,0,0,0,0,0,1,0,0,0,30,0,0,0,0,0,0,0,0,1,1,0,0,0,0,0,0,0,0,0
9,1047,l,pr,"cameraserver",80,90,0,0,0,0
9,1064,l,cpu,2,7,0
9,1064,l,ctf,A,55,0,0,0,0,0,0,0,0,0,1,0,1,0,0,0,0,0,2,0,0,0,0,0,0,0,0,0,0,0,0,0,0,0,0,0,6,0,0,0,0,0,0,0,0,0,0,0,0,0,0,0,0,0,0,0,0,0,0,0,0,0,0,0,0,1,0,1,0,0,0,0,0,1,0,0,0,0,0,0,0,0,0,0,0,0,0,0,0,0,0,6,0,0,0,0,0,0,0,0,0,0,0,0,0,0,0,0,0,0,0
9,1064,l,pr,"citadeld",10,10,0,0,0,0
9,1066,l,cpu,243,377,0
9,1066,l,ctf,A,55,0,0,0,0,0,0,0,3,31,41,57,39,26,24,12,12,7,356,0,0,0,0,0,0,0,0,0,0,0,0,0,0,0,0,0,0,0,0,0,0,0,0,0,0,0,0,0,0,0,0,0,0,0,0,0,0,0,0,0,0,0,0,3,30,40,53,39,25,23,11,11,6,314,0,0,0,0,0,0,0,0,0,0,0,0,0,0,0,0,0,0,0,0,0,0,0,0,0,0,0,0,0,0,0,0,0,0,0,0,0
9,1066,l,pr,"statsd",260,420,0,0,0,0
9,1068,l,awl,0,0
9,1068,l,wl,*dexopt*,0,f,0,0,0,0,0,p,0,0,0,0,0,bp,0,0,0,0,0,w,0,0,0,0
9,1068,l,st,0,0,6053608,0,0,0,0
9,1069,l,cpu,71,348,0
9,1069,l,ctf,A,55,0,0,0,0,0,0,0,0,23,28,28,28,20,11,5,8,4,264,0,0,0,0,0,0,0,0,0,0,0,0,0,0,0,0,0,0,0,0,0,0,0,0,0,0,0,0,0,0,0,0,0,0,0,0,0,0,0,0,0,0,0,0,0,23,27,23,28,19,10,5,8,3,241,0,0,0,0,0,0,0,0,0,0,0,0,0,0,0,0,0,0,0,0,0,0,0,0,0,0,0,0,0,0,0,0,0,0,0,0,0
9,1069,l,pr,"lmkd",70,370,0,0,0,0
9,1073,l,awl,0,0
9,1073,l,wl,*dexopt*,0,f,0,0,0,0,0,p,0,0,0,0,0,bp,0,0,0,0,0,w,0,0,0,0
9,1073,l,st,0,0,6053608,0,0,0,0
9,1073,l,cpu,51,45,0
9,1073,l,ctf,A,55,0,0,0,0,0,0,0,0,10,10,16,1,2,3,4,0,0,18,31,0,0,0,0,0,0,0,0,0,0,0,0,0,0,0,0,0,0,0,0,0,0,0,0,0,0,0,0,0,0,0,0,0,0,0,0,0,0,0,0,0,0,0,0,10,10,16,1,1,2,3,0,0,16,29,0,0,0,0,0,0,0,0,0,0,0,0,0,0,0,0,0,0,0,0,0,0,0,0,0,0,0,0,0,0,0,0,0,0,0,0
9,1073,l,ctf,F,55,0,0,0,0,0,0,0,0,10,10,16,1,2,3,4,0,0,20,31,0,0,0,0,0,0,0,0,0,0,0,0,0,0,0,0,0,0,0,0,0,0,0,0,0,0,0,0,0,0,0,0,0,0,0,0,0,0,0,0,0,0,0,0,10,10,16,1,1,2,3,0,0,16,29,0,0,0,0,0,0,0,0,0,0,0,0,0,0,0,0,0,0,0,0,0,0,0,0,0,0,0,0,0,0,0,0,0,0,0,0
9,1073,l,pr,"com.android.networkstack.process",50,50,0,0,0,0
9,2000,l,awl,0,0
9,2000,l,wl,*dexopt*,0,f,0,0,0,0,0,p,0,0,0,0,0,bp,0,0,0,0,0,w,0,0,0,0
9,2000,l,cpu,39,49,0
9,2000,l,ctf,A,55,0,0,0,0,0,0,0,0,8,8,6,3,1,1,1,1,2,38,0,0,0,0,0,0,0,0,1,0,0,0,0,0,0,0,0,22,0,0,0,0,0,0,0,0,1,0,0,0,0,0,0,0,0,0,0,0,0,0,0,0,0,0,0,5,7,4,3,1,1,1,1,0,26,0,0,0,0,0,0,0,0,0,0,0,0,0,0,0,0,0,21,0,0,0,0,0,0,0,0,1,0,0,0,0,0,0,0,0,0,0
9,2000,l,pr,"adbd",80,250,0,0,0,0
9,2000,l,pr,"diag_mdlog",0,20,0,0,0,0
9,2903,l,cpu,20,49,0
9,2903,l,ctf,A,55,0,0,0,0,0,0,0,0,2,1,4,1,1,2,1,0,1,36,2,0,0,0,0,0,0,0,2,0,1,0,0,0,0,0,0,11,0,0,0,0,0,0,0,0,0,1,0,0,0,0,0,0,0,0,0,0,0,0,0,0,0,0,0,2,1,4,1,1,2,1,0,1,34,2,0,0,0,0,0,0,0,2,0,1,0,0,0,0,0,0,10,0,0,0,0,0,0,0,0,0,1,0,0,0,0,0,0,0,0,0
9,2903,l,pr,"tftp_server",20,50,0,0,0,0
9,2906,l,cpu,10,132,0
9,2906,l,ctf,A,55,0,0,0,0,0,0,0,0,0,3,12,7,4,4,2,3,3,85,3,0,0,0,0,0,0,0,1,0,1,0,0,0,0,1,1,18,0,0,0,0,0,0,0,0,1,0,0,0,0,0,0,0,0,0,0,0,0,0,0,0,0,0,0,0,3,12,7,4,4,2,3,3,81,3,0,0,0,0,0,0,0,1,0,1,0,0,0,0,0,0,16,0,0,0,0,0,0,0,0,1,0,0,0,0,0,0,0,0,0,0
9,2906,l,pr,"qrtr-ns",20,150,0,0,0,0
9,9999,l,cpu,36,173,0
9,9999,l,ctf,A,55,0,0,0,14,0,0,0,11,70,10,70,3,4,1,1,1,1,23,1,0,0,0,0,1,1,2,1,1,0,0,0,0,0,0,3,2,0,0,0,0,0,0,0,0,0,0,0,0,0,0,0,0,0,0,1,0,0,0,14,0,0,0,11,70,10,70,3,3,1,1,1,1,20,0,0,0,0,0,0,0,0,0,0,0,0,0,0,0,0,0,1,0,0,0,0,0,0,0,0,0,0,0,0,0,0,0,0,0,0,0
9,9999,l,pr,"android.hardware.input.processor-service",0,10,0,0,0,0
9,9999,l,pr,"traced_probes",10,50,0,0,0,0
9,9999,l,pr,"traced",20,30,0,0,0,0
9,9999,l,pr,"rmt_storage",0,100,0,0,0,0
9,10014,l,awl,0,0
9,10014,l,wl,*dexopt*,0,f,0,0,0,0,0,p,0,0,0,0,0,bp,0,0,0,0,0,w,0,0,0,0
9,10015,l,awl,0,0
9,10015,l,wl,*dexopt*,0,f,0,0,0,0,0,p,0,0,0,0,0,bp,0,0,0,0,0,w,0,0,0,0
9,10016,l,awl,0,0
9,10016,l,wl,*dexopt*,0,f,0,0,0,0,0,p,0,0,0,0,0,bp,0,0,0,0,0,w,0,0,0,0
9,10017,l,awl,0,0
9,10017,l,wl,*dexopt*,0,f,0,0,0,0,0,p,0,0,0,0,0,bp,0,0,0,0,0,w,0,0,0,0
9,10018,l,awl,0,0
9,10018,l,wl,*dexopt*,0,f,0,0,0,0,0,p,0,0,0,0,0,bp,0,0,0,0,0,w,0,0,0,0
9,10019,l,awl,0,0
9,10019,l,wl,*dexopt*,0,f,0,0,0,0,0,p,0,0,0,0,0,bp,0,0,0,0,0,w,0,0,0,0
9,10020,l,awl,0,0
9,10020,l,wl,*dexopt*,0,f,0,0,0,0,0,p,0,0,0,0,0,bp,0,0,0,0,0,w,0,0,0,0
9,10021,l,awl,0,0
9,10021,l,wl,*dexopt*,0,f,0,0,0,0,0,p,0,0,0,0,0,bp,0,0,0,0,0,w,0,0,0,0
9,10022,l,awl,0,0
9,10022,l,wl,*dexopt*,0,f,0,0,0,0,0,p,0,0,0,0,0,bp,0,0,0,0,0,w,0,0,0,0
9,10023,l,awl,0,0
9,10023,l,wl,*dexopt*,0,f,0,0,0,0,0,p,0,0,0,0,0,bp,0,0,0,0,0,w,0,0,0,0
9,10024,l,awl,0,0
9,10024,l,wl,*dexopt*,0,f,0,0,0,0,0,p,0,0,0,0,0,bp,0,0,0,0,0,w,0,0,0,0
9,10025,l,awl,0,0
9,10025,l,wl,*dexopt*,0,f,0,0,0,0,0,p,0,0,0,0,0,bp,0,0,0,0,0,w,0,0,0,0
9,10025,l,st,0,0,0,96,0,0,12856
9,10025,l,cpu,6,1,0
9,10025,l,ctf,A,55,0,0,0,0,0,0,0,0,0,0,0,0,0,2,0,0,0,5,0,0,0,0,0,0,0,0,0,0,0,0,0,0,0,0,0,0,0,0,0,0,0,0,0,0,0,0,0,0,0,0,0,0,0,0,0,0,0,0,0,0,0,0,0,0,0,0,0,0,0,0,0,0,0,0,0,0,0,0,0,0,0,0,0,0,0,0,0,0,0,0,0,0,0,0,0,0,0,0,0,0,0,0,0,0,0,0,0,0,0,0
9,10025,l,ctf,B,55,0,0,0,0,0,0,0,0,0,0,0,0,0,2,0,0,0,51,0,0,0,0,0,0,0,0,0,0,0,0,0,0,14,0,0,0,0,0,0,0,0,0,0,0,0,0,0,0,0,0,0,0,0,0,0,0,0,0,0,0,0,0,0,0,0,0,0,0,0,0,0,0,0,0,0,0,0,0,0,0,0,0,0,0,0,0,0,0,0,0,0,0,0,0,0,0,0,0,0,0,0,0,0,0,0,0,0,0,0,0
9,10025,l,ctf,C,55,0,0,0,0,0,0,0,0,0,0,0,0,0,0,0,0,0,14,0,0,0,0,0,0,0,0,0,0,0,5,0,0,0,0,2,0,0,0,0,0,0,0,0,0,0,0,0,0,0,0,0,0,0,0,0,0,0,0,0,0,0,0,0,0,0,0,0,0,0,0,0,0,0,0,0,0,0,0,0,0,0,0,0,0,0,0,0,0,0,0,0,0,0,0,0,0,0,0,0,0,0,0,0,0,0,0,0,0,0,0
9,10025,l,pr,"android.process.media",0,0,0,1,0,0
9,10026,l,awl,0,0
9,10026,l,wl,*dexopt*,0,f,0,0,0,0,0,p,0,0,0,0,0,bp,0,0,0,0,0,w,0,0,0,0
9,10027,l,awl,0,0
9,10027,l,wl,*dexopt*,0,f,0,0,0,0,0,p,0,0,0,0,0,bp,0,0,0,0,0,w,0,0,0,0
9,10028,l,awl,0,0
9,10028,l,wl,*dexopt*,0,f,0,0,0,0,0,p,0,0,0,0,0,bp,0,0,0,0,0,w,0,0,0,0
9,10029,l,awl,0,0
9,10029,l,wl,*dexopt*,0,f,0,0,0,0,0,p,0,0,0,0,0,bp,0,0,0,0,0,w,0,0,0,0
9,10030,l,awl,0,0
9,10030,l,wl,*dexopt*,0,f,0,0,0,0,0,p,0,0,0,0,0,bp,0,0,0,0,0,w,0,0,0,0
9,10031,l,awl,0,0
9,10031,l,wl,*dexopt*,0,f,0,0,0,0,0,p,0,0,0,0,0,bp,0,0,0,0,0,w,0,0,0,0
9,10032,l,awl,0,0
9,10032,l,wl,*dexopt*,0,f,0,0,0,0,0,p,0,0,0,0,0,bp,0,0,0,0,0,w,0,0,0,0
9,10033,l,awl,0,0
9,10033,l,wl,*dexopt*,0,f,0,0,0,0,0,p,0,0,0,0,0,bp,0,0,0,0,0,w,0,0,0,0
9,10034,l,awl,0,0
9,10034,l,wl,*dexopt*,0,f,0,0,0,0,0,p,0,0,0,0,0,bp,0,0,0,0,0,w,0,0,0,0
9,10035,l,awl,0,0
9,10035,l,wl,*dexopt*,0,f,0,0,0,0,0,p,0,0,0,0,0,bp,0,0,0,0,0,w,0,0,0,0
9,10036,l,awl,0,0
9,10036,l,wl,*dexopt*,0,f,0,0,0,0,0,p,0,0,0,0,0,bp,0,0,0,0,0,w,0,0,0,0
9,10037,l,awl,0,0
9,10037,l,wl,*dexopt*,0,f,0,0,0,0,0,p,0,0,0,0,0,bp,0,0,0,0,0,w,0,0,0,0
9,10038,l,awl,0,0
9,10038,l,wl,*dexopt*,0,f,0,0,0,0,0,p,0,0,0,0,0,bp,0,0,0,0,0,w,0,0,0,0
9,10039,l,awl,0,0
9,10039,l,wl,*dexopt*,0,f,0,0,0,0,0,p,0,0,0,0,0,bp,0,0,0,0,0,w,0,0,0,0
9,10040,l,awl,0,0
9,10040,l,wl,*dexopt*,0,f,0,0,0,0,0,p,0,0,0,0,0,bp,0,0,0,0,0,w,0,0,0,0
9,10041,l,awl,0,0
9,10041,l,wl,*dexopt*,0,f,0,0,0,0,0,p,0,0,0,0,0,bp,0,0,0,0,0,w,0,0,0,0
9,10042,l,awl,0,0
9,10042,l,wl,*dexopt*,0,f,0,0,0,0,0,p,0,0,0,0,0,bp,0,0,0,0,0,w,0,0,0,0
9,10043,l,awl,0,0
9,10043,l,wl,*dexopt*,0,f,0,0,0,0,0,p,0,0,0,0,0,bp,0,0,0,0,0,w,0,0,0,0
9,10044,l,awl,0,0
9,10044,l,wl,*dexopt*,0,f,0,0,0,0,0,p,0,0,0,0,0,bp,0,0,0,0,0,w,0,0,0,0
9,10045,l,awl,0,0
9,10045,l,wl,*dexopt*,0,f,0,0,0,0,0,p,0,0,0,0,0,bp,0,0,0,0,0,w,0,0,0,0
9,10046,l,awl,0,0
9,10046,l,wl,*dexopt*,0,f,0,0,0,0,0,p,0,0,0,0,0,bp,0,0,0,0,0,w,0,0,0,0
9,10047,l,awl,0,0
9,10047,l,wl,*dexopt*,0,f,0,0,0,0,0,p,0,0,0,0,0,bp,0,0,0,0,0,w,0,0,0,0
9,10048,l,awl,0,0
9,10048,l,wl,*dexopt*,0,f,0,0,0,0,0,p,0,0,0,0,0,bp,0,0,0,0,0,w,0,0,0,0
9,10049,l,awl,0,0
9,10049,l,wl,*dexopt*,0,f,0,0,0,0,0,p,0,0,0,0,0,bp,0,0,0,0,0,w,0,0,0,0
9,10050,l,awl,0,0
9,10050,l,wl,*dexopt*,0,f,0,0,0,0,0,p,0,0,0,0,0,bp,0,0,0,0,0,w,0,0,0,0
9,10051,l,awl,0,0
9,10051,l,wl,*dexopt*,0,f,0,0,0,0,0,p,0,0,0,0,0,bp,0,0,0,0,0,w,0,0,0,0
9,10052,l,awl,0,0
9,10052,l,wl,*dexopt*,0,f,0,0,0,0,0,p,0,0,0,0,0,bp,0,0,0,0,0,w,0,0,0,0
9,10053,l,awl,0,0
9,10053,l,wl,*dexopt*,0,f,0,0,0,0,0,p,0,0,0,0,0,bp,0,0,0,0,0,w,0,0,0,0
9,10054,l,awl,0,0
9,10054,l,wl,*dexopt*,0,f,0,0,0,0,0,p,0,0,0,0,0,bp,0,0,0,0,0,w,0,0,0,0
9,10055,l,awl,0,0
9,10055,l,wl,*dexopt*,0,f,0,0,0,0,0,p,0,0,0,0,0,bp,0,0,0,0,0,w,0,0,0,0
9,10056,l,awl,0,0
9,10056,l,wl,*dexopt*,0,f,0,0,0,0,0,p,0,0,0,0,0,bp,0,0,0,0,0,w,0,0,0,0
9,10058,l,awl,0,0
9,10058,l,wl,*dexopt*,0,f,0,0,0,0,0,p,0,0,0,0,0,bp,0,0,0,0,0,w,0,0,0,0
9,10058,l,wl,IWLAN_PROXY_WL,0,f,0,0,0,0,0,p,0,0,0,0,0,bp,0,0,0,0,0,w,0,0,0,0
9,10058,l,st,0,0,6053608,0,0,0,0
9,10058,l,cpu,3,4,0
9,10058,l,ctf,A,55,0,0,0,0,0,0,0,0,0,0,0,0,0,0,1,0,0,4,1,0,0,0,0,0,0,0,0,0,0,0,0,0,0,1,0,0,0,0,0,0,0,0,0,0,0,0,0,0,0,0,0,0,0,0,0,0,0,0,0,0,0,0,0,0,0,0,0,0,0,0,0,0,0,0,0,0,0,0,0,0,0,0,0,0,0,0,0,0,0,0,0,0,0,0,0,0,0,0,0,0,0,0,0,0,0,0,0,0,0,0
9,10058,l,ctf,F,55,0,0,0,0,0,0,0,0,0,0,0,0,0,0,1,0,0,4,1,0,0,0,0,0,0,0,0,0,0,0,0,0,0,1,0,0,0,0,0,0,0,0,0,0,0,0,0,0,0,0,0,0,0,0,0,0,0,0,0,0,0,0,0,0,0,0,0,0,0,0,0,0,1,0,0,0,0,0,0,0,0,0,0,0,0,0,0,0,0,0,0,0,0,0,0,0,0,0,0,0,0,0,0,0,0,0,0,0,0,0
9,10059,l,awl,0,0
9,10059,l,wl,*dexopt*,0,f,0,0,0,0,0,p,0,0,0,0,0,bp,0,0,0,0,0,w,0,0,0,0
9,10061,l,awl,0,0
9,10061,l,wl,*dexopt*,0,f,0,0,0,0,0,p,0,0,0,0,0,bp,0,0,0,0,0,w,0,0,0,0
9,10062,l,awl,0,0
9,10062,l,wl,*dexopt*,0,f,0,0,0,0,0,p,0,0,0,0,0,bp,0,0,0,0,0,w,0,0,0,0
9,10063,l,awl,0,0
9,10063,l,wl,*dexopt*,0,f,0,0,0,0,0,p,0,0,0,0,0,bp,0,0,0,0,0,w,0,0,0,0
9,10064,l,awl,0,0
9,10064,l,wl,*dexopt*,0,f,0,0,0,0,0,p,0,0,0,0,0,bp,0,0,0,0,0,w,0,0,0,0
9,10065,l,awl,0,0
9,10065,l,wl,*dexopt*,0,f,0,0,0,0,0,p,0,0,0,0,0,bp,0,0,0,0,0,w,0,0,0,0
9,10066,l,awl,0,0
9,10066,l,wl,*dexopt*,0,f,0,0,0,0,0,p,0,0,0,0,0,bp,0,0,0,0,0,w,0,0,0,0
9,10067,l,awl,0,0
9,10067,l,wl,*dexopt*,0,f,0,0,0,0,0,p,0,0,0,0,0,bp,0,0,0,0,0,w,0,0,0,0
9,10069,l,awl,0,0
9,10069,l,wl,*dexopt*,0,f,0,0,0,0,0,p,0,0,0,0,0,bp,0,0,0,0,0,w,0,0,0,0
9,10070,l,awl,0,0
9,10070,l,wl,*dexopt*,0,f,0,0,0,0,0,p,0,0,0,0,0,bp,0,0,0,0,0,w,0,0,0,0
9,10071,l,awl,0,0
9,10071,l,wl,*dexopt*,0,f,0,0,0,0,0,p,0,0,0,0,0,bp,0,0,0,0,0,w,0,0,0,0
9,10071,l,fgs,6053608,0
9,10071,l,st,0,6053608,0,0,0,0,0
9,10071,l,cpu,4,2,0
9,10071,l,ctf,A,55,0,0,0,0,0,0,0,0,0,0,0,0,0,0,0,0,0,3,2,0,0,0,0,0,0,1,0,0,0,0,0,0,0,0,0,0,0,0,0,0,0,0,0,0,0,0,0,0,0,0,0,0,0,0,0,0,0,0,0,0,0,0,0,0,0,0,0,0,0,0,0,0,3,2,0,0,0,0,0,0,1,0,0,0,0,0,0,0,0,0,0,0,0,0,0,0,0,0,0,0,0,0,0,0,0,0,0,0,0,0
9,10071,l,ctf,FS,55,0,0,0,0,0,0,0,0,0,0,0,0,0,0,0,0,0,3,2,0,0,0,0,0,0,1,0,0,0,0,0,0,0,0,0,0,0,0,0,0,0,0,0,0,0,0,0,0,0,0,0,0,0,0,0,0,0,0,0,0,0,0,0,0,0,0,0,0,0,0,0,0,3,2,0,0,0,0,0,0,1,0,0,0,0,0,0,0,0,0,0,0,0,0,0,0,0,0,0,0,0,0,0,0,0,0,0,0,0,0
9,10071,l,pr,"com.android.webview:webview_service",10,10,0,0,0,0
9,10071,l,apk,0,com.android.webview,org.chromium.android_webview.services.VariationsSeedServer,0,0,1
9,10072,l,awl,0,0
9,10072,l,wl,*dexopt*,0,f,0,0,0,0,0,p,0,0,0,0,0,bp,0,0,0,0,0,w,0,0,0,0
9,10073,l,awl,0,0
9,10073,l,wl,*dexopt*,0,f,0,0,0,0,0,p,0,0,0,0,0,bp,0,0,0,0,0,w,0,0,0,0
9,10074,l,awl,0,0
9,10074,l,wl,*dexopt*,0,f,0,0,0,0,0,p,0,0,0,0,0,bp,0,0,0,0,0,w,0,0,0,0
9,10075,l,awl,0,0
9,10075,l,wl,*dexopt*,0,f,0,0,0,0,0,p,0,0,0,0,0,bp,0,0,0,0,0,w,0,0,0,0
9,10076,l,awl,0,0
9,10076,l,wl,*dexopt*,0,f,0,0,0,0,0,p,0,0,0,0,0,bp,0,0,0,0,0,w,0,0,0,0
9,10077,l,awl,0,0
9,10077,l,wl,*dexopt*,0,f,0,0,0,0,0,p,0,0,0,0,0,bp,0,0,0,0,0,w,0,0,0,0
9,10078,l,awl,0,0
9,10078,l,wl,*dexopt*,0,f,0,0,0,0,0,p,0,0,0,0,0,bp,0,0,0,0,0,w,0,0,0,0
9,10079,l,awl,0,0
9,10079,l,wl,*dexopt*,0,f,0,0,0,0,0,p,0,0,0,0,0,bp,0,0,0,0,0,w,0,0,0,0
9,10080,l,awl,0,0
9,10080,l,wl,*dexopt*,0,f,0,0,0,0,0,p,0,0,0,0,0,bp,0,0,0,0,0,w,0,0,0,0
9,10080,l,st,0,0,6053608,0,0,0,0
9,10080,l,cpu,14,7,0
9,10080,l,ctf,A,55,0,0,0,0,0,0,0,0,1,1,5,2,0,2,1,1,0,3,5,0,0,0,0,0,0,0,0,0,0,0,0,0,0,0,0,0,0,0,0,0,0,0,0,0,0,0,0,0,0,0,0,0,0,0,0,0,0,0,0,0,0,0,0,0,1,4,2,0,2,1,0,0,1,5,0,0,0,0,0,0,0,0,0,0,0,0,0,0,0,0,0,0,0,0,0,0,0,0,0,0,0,0,0,0,0,0,0,0,0,0
9,10080,l,ctf,F,55,0,0,0,0,0,0,0,0,1,1,5,2,0,2,1,1,0,3,5,0,0,0,0,0,0,0,0,0,0,0,0,0,0,0,1,0,0,0,0,0,0,0,0,0,0,0,0,0,0,0,0,0,0,0,0,0,0,0,0,0,0,0,0,0,1,4,2,0,2,1,0,0,1,5,0,0,0,0,0,0,0,0,0,0,0,0,0,0,0,0,0,0,0,0,0,0,0,0,0,0,0,0,0,0,0,0,0,0,0,0
9,10080,l,pr,"org.codeaurora.ims",20,20,0,0,0,0
9,10081,l,awl,0,0
9,10081,l,wl,*dexopt*,0,f,0,0,0,0,0,p,0,0,0,0,0,bp,0,0,0,0,0,w,0,0,0,0
9,10082,l,awl,0,0
9,10082,l,wl,*dexopt*,0,f,0,0,0,0,0,p,0,0,0,0,0,bp,0,0,0,0,0,w,0,0,0,0
9,10082,l,wl,*launch*,0,f,0,0,0,0,0,p,0,0,0,0,0,bp,0,0,0,0,0,w,0,0,0,0
9,10082,l,fg,11366,2
9,10082,l,st,11362,0,6042246,0,0,0,0
9,10082,l,cpu,365,144,0
9,10082,l,ctf,A,55,0,0,0,0,0,0,0,0,0,0,2,0,1,0,0,0,0,16,3,0,4,1,0,7,6,1,6,4,2,7,0,0,0,1,344,0,0,0,0,1,4,25,15,7,3,0,4,0,3,0,0,0,2,0,45,0,0,0,0,0,0,0,0,0,0,0,0,0,0,0,0,0,5,0,0,0,0,0,0,0,0,0,0,0,0,0,0,0,0,0,0,0,0,0,0,0,0,0,0,0,0,0,0,0,0,0,0,0,0,0
9,10082,l,ctf,T,55,0,0,0,0,0,0,0,0,0,0,2,0,1,0,0,0,0,1,0,0,4,0,0,7,6,1,6,4,2,7,0,0,0,1,341,0,0,0,0,1,4,25,15,7,3,0,4,0,3,0,0,0,2,0,44,0,0,0,0,0,0,0,0,0,0,0,0,0,0,0,0,0,0,0,0,0,0,0,0,0,0,0,0,0,0,0,0,0,0,0,0,0,0,0,0,0,0,0,0,0,0,0,0,0,0,0,0,0,0,0
9,10082,l,ctf,F,55,0,0,0,0,0,0,0,0,0,0,0,0,0,0,0,0,0,15,3,0,0,0,0,0,0,0,0,0,0,0,0,0,0,0,3,0,0,0,0,0,0,0,0,0,0,0,0,0,0,0,0,0,0,0,1,0,0,0,0,0,0,0,0,0,0,0,0,0,0,0,0,0,6,0,0,0,0,0,0,0,0,0,0,0,0,0,0,0,0,0,0,0,0,0,0,0,0,0,0,0,0,0,0,0,0,0,0,0,0,0
9,10082,l,pr,"com.android.launcher3",10,0,350,0,0,0
9,10083,l,awl,0,0
9,10083,l,wl,*dexopt*,0,f,0,0,0,0,0,p,0,0,0,0,0,bp,0,0,0,0,0,w,0,0,0,0
9,10084,l,awl,0,0
9,10084,l,wl,*dexopt*,0,f,0,0,0,0,0,p,0,0,0,0,0,bp,0,0,0,0,0,w,0,0,0,0
9,10085,l,awl,0,0
9,10085,l,wl,*dexopt*,0,f,0,0,0,0,0,p,0,0,0,0,0,bp,0,0,0,0,0,w,0,0,0,0
9,10086,l,ua,2,0,0,0,0
9,10086,l,awl,3279,0
9,10086,l,wl,*dexopt*,0,f,0,0,0,0,0,p,0,0,0,0,0,bp,0,0,0,0,0,w,0,0,0,0
9,10086,l,wl,*alarm*,0,f,0,0,0,0,0,p,0,0,0,0,0,bp,0,0,0,0,0,w,0,0,0,0
9,10086,l,wl,show keyguard,0,f,0,0,0,0,0,p,0,0,0,0,0,bp,0,0,0,0,0,w,0,0,0,0
9,10086,l,wl,Doze,0,f,0,0,0,0,65,p,1,0,124,124,0,bp,0,0,0,0,0,w,0,0,0,0
9,10086,l,wl,Doze:KeyguardIndication,0,f,0,0,0,0,3153,p,4,0,799,3155,0,bp,0,0,0,0,0,w,0,0,0,0
9,10086,l,wl,Scrims,0,f,0,0,0,0,48,p,1,0,103,103,0,bp,0,0,0,0,0,w,0,0,0,0
9,10086,l,sr,82,9357,1,0,9357,0
9,10086,l,sr,32769,6033457,1,0,6033457,0
9,10086,l,sr,32770,6033459,1,0,6033459,0
9,10086,l,st,0,0,6053608,0,0,0,0
9,10086,l,cpu,2720,755,0
9,10086,l,ctf,A,55,0,0,0,0,0,0,0,2,97,104,147,235,158,81,106,89,43,1413,49,50,19,25,1,8,34,83,67,47,27,35,29,0,24,5,276,16,9,23,40,22,15,2,13,0,6,7,13,26,7,2,2,5,5,5,54,0,0,0,0,0,0,0,2,96,93,139,220,129,81,81,54,25,1016,4,6,7,0,0,1,0,0,0,0,4,0,0,0,0,0,0,3,0,1,0,0,0,0,0,0,0,0,0,0,0,0,0,0,0,0,0
9,10086,l,ctf,F,55,0,0,0,0,0,0,0,2,97,104,147,235,158,81,106,89,43,1380,48,49,16,10,1,30,45,94,122,57,38,54,32,1,32,5,288,16,9,8,40,24,15,2,13,2,15,14,13,33,10,8,2,5,5,5,54,0,0,0,0,0,0,0,2,96,102,145,224,131,81,81,54,25,1039,4,6,7,0,0,1,0,0,0,0,4,0,0,0,0,0,31,3,0,1,0,0,0,0,0,0,0,0,0,0,0,0,0,0,0,0,5
9,10086,l,pr,"com.android.systemui",2090,600,0,0,0,0
9,10086,l,apk,0,com.android.systemui,com.android.systemui.doze.DozeService,0,0,1
9,10087,l,awl,0,0
9,10087,l,wl,*dexopt*,0,f,0,0,0,0,0,p,0,0,0,0,0,bp,0,0,0,0,0,w,0,0,0,0
9,10087,l,st,0,0,6053608,0,0,0,0
9,10089,l,awl,0,0
9,10089,l,wl,*dexopt*,0,f,0,0,0,0,0,p,0,0,0,0,0,bp,0,0,0,0,0,w,0,0,0,0
9,10090,l,awl,0,0
9,10090,l,wl,*dexopt*,0,f,0,0,0,0,0,p,0,0,0,0,0,bp,0,0,0,0,0,w,0,0,0,0
9,10090,l,st,0,0,6053608,0,0,0,0
9,10090,l,cpu,16,5,0
9,10090,l,ctf,A,55,0,0,0,0,0,0,0,0,0,0,1,1,1,0,3,1,0,13,0,0,0,0,0,0,0,0,0,0,0,0,0,0,0,0,0,0,0,0,0,0,0,0,0,0,0,0,0,0,0,0,0,0,0,0,0,0,0,0,0,0,0,0,0,0,0,1,1,0,0,2,0,0,9,0,0,0,0,0,0,0,0,0,0,0,0,0,0,0,0,0,0,0,0,0,0,0,0,0,0,0,0,0,0,0,0,0,0,0,0,0
9,10090,l,ctf,F,55,0,0,0,0,0,0,0,0,0,0,1,1,1,0,3,1,0,13,0,0,0,0,0,0,0,0,0,0,0,0,0,0,0,0,0,0,0,0,0,0,0,0,0,0,0,0,0,0,0,0,0,0,0,0,0,0,0,0,0,0,0,0,0,0,0,1,1,0,0,2,0,0,9,0,0,0,0,0,0,0,0,0,0,0,0,0,0,0,0,0,0,0,0,0,0,0,0,0,0,0,0,0,0,0,0,0,0,0,0,0
9,10090,l,pr,"android.ext.services",10,0,0,0,0,0
9,10090,l,apk,0,android.ext.services,com.android.textclassifier.DefaultTextClassifierService,0,0,1
9,10091,l,awl,0,0
9,10091,l,wl,*dexopt*,0,f,0,0,0,0,0,p,0,0,0,0,0,bp,0,0,0,0,0,w,0,0,0,0
9,10095,l,awl,0,0
9,10095,l,wl,*dexopt*,0,f,0,0,0,0,0,p,0,0,0,0,0,bp,0,0,0,0,0,w,0,0,0,0
9,10098,l,awl,0,0
9,10098,l,wl,*dexopt*,0,f,0,0,0,0,0,p,0,0,0,0,0,bp,0,0,0,0,0,w,0,0,0,0
9,10099,l,awl,0,0
9,10099,l,wl,*dexopt*,0,f,0,0,0,0,0,p,0,0,0,0,0,bp,0,0,0,0,0,w,0,0,0,0
9,10100,l,awl,0,0
9,10100,l,wl,*dexopt*,0,f,0,0,0,0,0,p,0,0,0,0,0,bp,0,0,0,0,0,w,0,0,0,0
9,10101,l,awl,0,0
9,10101,l,wl,*dexopt*,0,f,0,0,0,0,0,p,0,0,0,0,0,bp,0,0,0,0,0,w,0,0,0,0
9,10102,l,awl,0,0
9,10102,l,wl,*dexopt*,0,f,0,0,0,0,0,p,0,0,0,0,0,bp,0,0,0,0,0,w,0,0,0,0
9,10102,l,st,0,0,6053608,0,0,0,0
9,10102,l,cpu,1210,1532,0
9,10102,l,ctf,A,55,0,0,0,0,0,0,0,0,3,15,16,2,11,47,118,291,332,1354,219,184,64,0,0,3,1,0,9,2,2,0,0,0,0,1,0,0,0,0,0,0,0,0,0,0,0,0,0,0,0,0,0,0,0,0,0,0,0,0,0,0,0,0,0,3,15,16,2,11,47,118,291,332,1337,219,184,64,0,0,0,0,0,8,2,2,0,0,0,0,0,0,0,0,0,0,0,0,0,0,0,0,0,0,0,0,0,0,0,0,0,0
9,10102,l,ctf,F,55,0,0,0,0,0,0,0,0,3,15,16,2,11,47,118,291,332,1355,219,184,64,0,0,3,1,0,9,2,2,0,0,0,0,1,0,0,0,0,0,0,0,0,0,0,0,0,0,0,0,0,0,0,0,0,0,0,0,0,0,0,0,0,0,3,15,16,2,11,47,118,291,332,1340,219,184,64,0,0,0,0,0,8,2,2,0,0,0,0,0,0,0,0,0,0,0,0,0,0,0,0,0,0,0,0,0,0,0,0,0,0
9,10102,l,pr,"com.android.providers.media.module",1180,1540,0,0,0,0
9,10103,l,awl,0,0
9,10103,l,wl,*dexopt*,0,f,0,0,0,0,0,p,0,0,0,0,0,bp,0,0,0,0,0,w,0,0,0,0
9,10103,l,st,0,0,0,-145,0,0,1841257
9,10103,l,cpu,29,27,0
9,10103,l,ctf,A,55,0,0,0,0,0,0,0,0,0,0,0,0,0,2,0,0,0,68,0,0,0,0,0,0,0,0,0,0,0,0,0,0,0,0,9,0,0,0,0,0,0,0,0,0,0,0,0,0,0,0,0,0,0,0,0,0,0,0,0,0,0,0,0,0,0,0,0,0,2,0,0,0,26,0,0,0,0,0,0,0,0,0,0,0,0,0,0,0,0,0,0,0,0,0,0,0,0,0,0,0,0,0,0,0,0,0,0,0,0,0
9,10103,l,ctf,B,55,0,0,0,0,0,0,0,0,0,0,0,0,0,0,0,0,0,61,0,0,0,0,0,0,0,0,0,0,0,0,0,0,0,0,0,0,0,0,0,0,0,0,0,0,0,0,0,0,0,0,0,0,0,0,0,0,0,0,0,0,0,0,0,0,0,0,0,0,0,0,0,0,0,0,0,0,0,0,0,0,0,0,0,0,0,0,0,0,0,0,0,0,0,0,0,0,0,0,0,0,0,0,0,0,0,0,0,0,0,0
9,10103,l,ctf,C,55,0,0,0,0,0,0,0,0,0,0,0,0,0,2,0,0,0,29,0,0,0,0,0,0,0,0,0,0,0,0,0,0,0,0,9,0,0,0,0,0,0,0,0,0,0,0,0,0,0,0,0,0,0,0,0,0,0,0,0,0,0,0,0,0,0,0,0,0,2,0,0,0,26,0,0,0,0,0,0,0,0,0,0,0,0,0,0,0,0,0,0,0,0,0,0,0,0,0,0,0,0,0,0,0,0,0,0,0,0,0
9,10103,l,pr,"com.android.cellbroadcastreceiver.module",0,0,0,1,0,0
9,10104,l,awl,0,0
9,10104,l,wl,*dexopt*,0,f,0,0,0,0,0,p,0,0,0,0,0,bp,0,0,0,0,0,w,0,0,0,0
9,10105,l,awl,0,0
9,10105,l,wl,*dexopt*,0,f,0,0,0,0,0,p,0,0,0,0,0,bp,0,0,0,0,0,w,0,0,0,0
9,10106,l,awl,0,0
9,10106,l,wl,*dexopt*,0,f,0,0,0,0,0,p,0,0,0,0,0,bp,0,0,0,0,0,w,0,0,0,0
9,10107,l,awl,0,0
9,10107,l,wl,*dexopt*,0,f,0,0,0,0,0,p,0,0,0,0,0,bp,0,0,0,0,0,w,0,0,0,0
9,10108,l,awl,0,0
9,10108,l,wl,*dexopt*,0,f,0,0,0,0,0,p,0,0,0,0,0,bp,0,0,0,0,0,w,0,0,0,0
9,10109,l,awl,0,0
9,10109,l,wl,*dexopt*,0,f,0,0,0,0,0,p,0,0,0,0,0,bp,0,0,0,0,0,w,0,0,0,0
9,10110,l,awl,0,0
9,10110,l,wl,*dexopt*,0,f,0,0,0,0,0,p,0,0,0,0,0,bp,0,0,0,0,0,w,0,0,0,0
9,10111,l,awl,725,725
9,10111,l,wl,*dexopt*,0,f,0,0,0,0,0,p,0,0,0,0,0,bp,0,0,0,0,0,w,0,0,0,0
9,10111,l,wl,*alarm*,0,f,0,0,0,0,555,p,15,0,464,613,613,bp,15,0,464,613,0,w,0,0,0,0
9,10111,l,wl,bifrost.WakerLock,0,f,0,0,0,0,155,p,27,0,27,199,199,bp,27,0,27,199,0,w,0,0,0,0
9,10111,l,st,0,0,0,2076,0,0,2447701
9,10111,l,cpu,48220,11172,0
9,10111,l,ctf,A,55,0,0,0,1031,28,47,2,1278,6113,1595,1738,960,515,703,542,513,577,48068,0,0,0,0,0,0,0,0,0,0,12,0,0,0,0,5,23,0,0,0,0,0,0,0,0,0,0,0,0,0,0,0,0,0,0,0,0,0,0,0,1005,28,46,2,1262,6016,1572,1721,951,506,700,538,493,560,47231,0,0,0,0,0,0,0,0,0,0,12,0,0,0,0,5,19,0,0,0,0,0,0,0,0,0,0,0,0,0,0,0,0,0,0,0,0
9,10111,l,ctf,B,55,0,0,0,0,0,0,0,0,0,2,6,8,0,8,7,3,0,2759,0,0,0,0,0,0,0,0,0,0,5,0,0,0,0,5,16,0,0,0,0,0,0,0,0,0,0,0,0,0,0,0,0,0,0,0,0,0,0,0,0,0,0,0,0,0,2,6,8,0,8,7,3,0,2745,0,0,0,0,0,0,0,0,0,0,5,0,0,0,0,5,13,0,0,0,0,0,0,0,0,0,0,0,0,0,0,0,0,0,0,0,0
9,10111,l,ctf,C,55,0,0,0,1031,28,47,2,1278,6113,1593,1732,952,515,695,535,510,577,45309,0,0,0,0,0,0,0,0,0,0,7,0,0,0,0,0,7,0,0,0,0,0,0,0,0,0,0,0,0,0,0,0,0,0,0,0,0,0,0,0,1028,28,46,2,1277,6109,1591,1729,948,513,693,531,504,575,45295,0,0,0,0,0,0,0,0,0,0,7,0,0,0,0,0,6,0,0,0,0,0,0,0,0,0,0,0,0,0,0,0,0,0,0,0,0
9,10111,l,pr,"com.eg.android.AlipayGphone",24100,5630,0,1,0,0
9,10111,l,pr,"com.eg.android.AlipayGphone:push",19190,4220,0,1,0,0
9,10111,l,pr,"com.eg.android.AlipayGphone:tools",1360,1200,0,1,0,0
9,10111,l,wua,*walarm*:ALARM_ACTION(15266),1
9,10111,l,wua,*walarm*:ALARM_ACTION(15150),12
9,10111,l,wua,*walarm*:com.eg.android.AlipayGphone.push.action.CHECK,2
9,10111,l,apk,15,com.eg.android.AlipayGphone,com.alipay.pushsdk.push.AppInfoRecvIntentService,0,0,2
9,10111,l,apk,15,com.eg.android.AlipayGphone,com.alipay.mobile.common.fgbg.FgBgMonitorService,0,0,1
9,10111,l,apk,15,com.eg.android.AlipayGphone,com.alipay.mobile.logmonitor.ClientMonitorService,0,0,6
9,10111,l,apk,15,com.eg.android.AlipayGphone,mtopsdk.xstate.XStateService,0,0,1
9,10111,l,apk,15,com.eg.android.AlipayGphone,com.alipay.dexaop.power.RuntimePowerService,0,0,1
9,10111,l,apk,15,com.eg.android.AlipayGphone,anetwork.channel.aidl.NetworkService,0,0,1
9,10111,l,apk,15,com.eg.android.AlipayGphone,com.alipay.mobile.common.logging.process.LogServiceInToolsProcess,0,0,6
9,10111,l,apk,15,com.eg.android.AlipayGphone,com.alipay.mobile.common.logging.process.LogServiceInPushProcess,0,0,6
9,10111,l,apk,15,com.eg.android.AlipayGphone,com.alipay.pushsdk.push.NotificationService,0,0,1
9,10112,l,awl,332,332
9,10112,l,wl,*dexopt*,0,f,0,0,0,0,0,p,0,0,0,0,0,bp,0,0,0,0,0,w,0,0,0,0
9,10112,l,wl,*alarm*,0,f,0,0,0,0,115,p,28,0,12,126,126,bp,28,0,12,126,0,w,0,0,0,0
9,10112,l,wl,*job*/com.zhihu.android/.sdk.launchad.job.AdLaunchUpdateService,0,f,0,0,0,0,59,p,7,0,24,140,140,bp,7,0,24,140,0,w,0,0,0,0
9,10112,l,wl,*job*/com.zhihu.android/.adbase.tracking.oldtrack.TrackPushService,0,f,0,0,0,0,101,p,7,0,51,185,185,bp,7,0,51,185,0,w,0,0,0,0
9,10112,l,jb,"com.zhihu.android/.adbase.tracking.oldtrack.TrackPushService",147,7,147,7
9,10112,l,jb,"com.zhihu.android/.sdk.launchad.job.AdLaunchUpdateService",106,7,106,7
9,10112,l,jbc,"com.zhihu.android/.adbase.tracking.oldtrack.TrackPushService",0,0,0,0,0,0,0,0,0,0,0,7
9,10112,l,jbc,"com.zhihu.android/.sdk.launchad.job.AdLaunchUpdateService",0,0,0,0,0,0,0,0,0,0,0,7
9,10112,l,sr,11,6043194,0,0,6053608,6053608
9,10112,l,st,0,0,0,454,0,0,6053154
9,10112,l,cpu,324716,235906,0
9,10112,l,ctf,A,55,0,0,0,7550,1520,521,268,19083,72463,33280,30770,41449,39084,50852,29518,17171,13158,216048,0,0,0,0,0,0,0,0,0,0,0,0,0,0,0,0,2,0,0,0,0,0,0,0,0,0,0,0,0,0,0,0,0,0,0,0,0,0,0,0,7450,1510,520,267,18933,71819,32909,30602,41288,38691,50445,29230,16965,13039,213300,0,0,0,0,0,0,0,0,0,0,0,0,0,0,0,0,0,0,0,0,0,0,0,0,0,0,0,0,0,0,0,0,0,0,0,0,0
9,10112,l,ctf,B,55,0,0,0,0,0,0,0,0,0,0,5,3,3,3,1,3,8,403,0,0,0,0,0,0,0,0,0,0,0,0,0,0,0,0,0,0,0,0,0,0,0,0,0,0,0,0,0,0,0,0,0,0,0,0,0,0,0,0,0,0,0,0,0,0,0,3,3,3,3,1,2,8,401,0,0,0,0,0,0,0,0,0,0,0,0,0,0,0,0,0,0,0,0,0,0,0,0,0,0,0,0,0,0,0,0,0,0,0,0,0
9,10112,l,ctf,C,55,0,0,0,7550,1520,521,268,19083,72463,33280,30765,41446,39081,50849,29517,17168,13150,215740,0,0,0,0,0,0,0,0,0,0,0,0,0,0,0,0,2,0,0,0,0,0,0,0,0,0,0,0,0,0,0,0,0,0,0,0,0,0,0,0,7548,1513,520,267,19081,72361,33162,30666,41390,39046,50773,29428,17086,13101,214567,0,0,0,0,0,0,0,0,0,0,0,0,0,0,0,0,0,0,0,0,0,0,0,0,0,0,0,0,0,0,0,0,0,0,0,0,0
9,10112,l,pr,"com.zhihu.android",338600,216290,0,0,0,0
9,10112,l,pr,"com.zhihu.android:pushservice",10930,35880,0,0,0,0
9,10112,l,wua,*walarm*:AlarmTaskSchedule.com.zhihu.android,24
9,10112,l,apk,24,com.zhihu.android,com.zhihu.android.sdk.launchad.job.AdLaunchUpdateService,0,0,7
9,10112,l,apk,24,com.zhihu.android,com.taobao.accs.data.MsgDistributeService,0,0,1
9,10112,l,apk,24,com.zhihu.android,com.zhihu.android.adbase.tracking.oldtrack.TrackPushService,0,0,7
9,10113,l,awl,0,0
9,10113,l,wl,*dexopt*,0,f,0,0,0,0,0,p,0,0,0,0,0,bp,0,0,0,0,0,w,0,0,0,0
9,10114,l,awl,0,0
9,10114,l,wl,*dexopt*,0,f,0,0,0,0,0,p,0,0,0,0,0,bp,0,0,0,0,0,w,0,0,0,0
9,10115,l,awl,149,149
9,10115,l,wl,*dexopt*,0,f,0,0,0,0,0,p,0,0,0,0,0,bp,0,0,0,0,0,w,0,0,0,0
9,10115,l,wl,*alarm*,0,f,0,0,0,0,4,p,3,0,2,4,4,bp,3,0,2,4,0,w,0,0,0,0
9,10115,l,wl,*job*/com.tencent.mobileqq/.msf.service.MSFAliveJobService,0,f,0,0,0,0,63,p,6,0,31,145,145,bp,6,0,31,145,0,w,0,0,0,0
9,10115,l,wl,*launch*,0,f,0,0,0,0,0,p,0,0,0,0,0,bp,0,0,0,0,0,w,0,0,0,0
9,10115,l,jb,"com.tencent.mobileqq/.msf.service.MSFAliveJobService",122,6,122,6
9,10115,l,jbc,"com.tencent.mobileqq/.msf.service.MSFAliveJobService",0,0,0,0,0,0,0,0,0,0,0,6
9,10115,l,sr,32780,6053566,6,6,6053566,6053566
9,10115,l,st,0,0,0,372,0,0,6053236
9,10115,l,cpu,36501,16854,0
9,10115,l,ctf,A,55,0,0,0,2067,30,57,12,3362,12567,7602,9000,5189,2593,1981,786,515,535,9685,0,0,0,0,0,0,0,0,0,0,0,0,0,0,0,0,6,0,0,0,0,0,0,0,0,0,0,0,0,0,0,0,0,0,0,0,0,0,0,0,1999,30,57,12,3334,12408,7532,8851,5139,2568,1975,767,501,507,9476,0,0,0,0,0,0,0,0,0,0,0,0,0,0,0,0,0,0,0,0,0,0,0,0,0,0,0,0,0,0,0,0,0,0,0,0,0
9,10115,l,ctf,B,55,0,0,0,0,0,0,0,0,0,0,1,36,42,7,6,3,6,134,0,0,0,0,0,0,0,0,0,0,0,0,0,0,0,0,4,0,0,0,0,0,0,0,0,0,0,0,0,0,0,0,0,0,0,0,0,0,0,0,0,0,0,0,0,0,0,1,36,40,7,6,3,6,109,0,0,0,0,0,0,0,0,0,0,0,0,0,0,0,0,0,0,0,0,0,0,0,0,0,0,0,0,0,0,0,0,0,0,0,0,0
9,10115,l,ctf,C,55,0,0,0,2067,30,57,12,3362,12567,7602,8999,5153,2551,1974,780,512,529,9553,0,0,0,0,0,0,0,0,0,0,0,0,0,0,0,0,2,0,0,0,0,0,0,0,0,0,0,0,0,0,0,0,0,0,0,0,0,0,0,0,2065,30,57,12,3360,12556,7591,8992,5137,2545,1970,768,505,509,9491,0,0,0,0,0,0,0,0,0,0,0,0,0,0,0,0,0,0,0,0,0,0,0,0,0,0,0,0,0,0,0,0,0,0,0,0,0
9,10115,l,pr,"com.tencent.mobileqq:MSF",25580,11460,0,0,0,0
9,10115,l,pr,"com.tencent.mobileqq",12030,7600,0,0,0,0
9,10115,l,apk,0,com.tencent.mobileqq,com.tencent.mobileqq.music.QQPlayerService,0,0,1
9,10115,l,apk,0,com.tencent.mobileqq,com.tencent.mobileqq.msf.service.MsfService,0,0,1
9,10115,l,apk,0,com.tencent.mobileqq,kcsdk.shell.KcShellService,0,0,1
9,10115,l,apk,0,com.tencent.mobileqq,com.tencent.mobileqq.app.CoreService,6047554,1,1
9,10115,l,apk,0,com.tencent.mobileqq,com.tencent.mobileqq.msf.service.MSFAliveJobService,0,0,6
9,10116,l,awl,0,0
9,10116,l,wl,*dexopt*,0,f,0,0,0,0,0,p,0,0,0,0,0,bp,0,0,0,0,0,w,0,0,0,0
9,10117,l,awl,0,0
9,10117,l,wl,*dexopt*,0,f,0,0,0,0,0,p,0,0,0,0,0,bp,0,0,0,0,0,w,0,0,0,0
9,10117,l,wl,*launch*,0,f,0,0,0,0,0,p,0,0,0,0,0,bp,0,0,0,0,0,w,0,0,0,0
9,10117,l,apk,0,com.ss.android.article.news,com.bytedance.privacy.proxy.ipc.DeviceInfoRemoteService,0,0,1
9,10117,l,apk,0,com.ss.android.article.news,com.bytedance.common.process.service.CrossProcessServiceForPush,0,0,1
9,10117,l,apk,0,com.ss.android.article.news,com.bytedance.common.process.service.CrossProcessServiceForMain,0,0,1
9,10117,l,apk,0,com.ss.android.article.news,com.bytedance.bdp.bdpbase.ipc.extention.MainDefaultIpcService,0,0,1
9,10117,l,apk,0,com.ss.android.article.news,com.bytedance.bdauditsdkbase.stub.p0.StubService,6047554,1,1
9,10117,l,apk,0,com.ss.android.article.news,com.bytedance.bdauditsdkbase.stub.p1.StubService,0,0,1
9,10117,l,apk,0,com.ss.android.article.news,com.bytedance.bdauditsdkbase.stub.p0.StubService1,6047554,1,1
9,10117,l,apk,0,com.ss.android.article.news,com.bytedance.bdauditsdkbase.stub.p3.StubService,0,0,1
9,10117,l,apk,0,com.ss.android.article.news,com.minigame.miniapphost.placeholder.MiniappService0,6047554,1,1
9,10117,l,apk,0,com.ss.android.article.news,com.bytedance.bdauditsdkbase.stub.p1.StubService2,0,0,1
9,10117,l,apk,0,com.ss.android.article.news,com.bytedance.bdauditsdkbase.stub.p1.StubService1,6047554,1,1
9,10117,l,apk,0,com.ss.android.article.news,com.tt.miniapphost.placeholder.MiniAppChildProcessMultiInsService,6047554,1,1
9,10117,l,apk,0,com.ss.android.article.news,com.bytedance.bdauditsdkbase.stub.p3.StubService1,0,0,1
9,10117,l,apk,0,com.ss.android.article.news,org.chromium.content.app.SandboxedProcessService0:1,0,0,1
9,10117,l,apk,0,com.ss.android.article.news,org.chromium.content.app.SandboxedProcessService0:0,0,0,1
9,10117,l,apk,0,com.ss.android.article.news,com.bytedance.minigame.bdpbase.ipc.extention.MainDefaultIpcService,0,0,1
9,10118,l,awl,0,0
9,10118,l,wl,*dexopt*,0,f,0,0,0,0,0,p,0,0,0,0,0,bp,0,0,0,0,0,w,0,0,0,0
9,10118,l,wl,*launch*,0,f,0,0,0,0,0,p,0,0,0,0,0,bp,0,0,0,0,0,w,0,0,0,0
9,10118,l,wl,h,0,f,0,0,0,0,0,p,0,0,0,0,0,bp,0,0,0,0,0,w,0,0,0,0
9,10118,l,wl,,0,f,0,0,0,0,0,p,0,0,0,0,0,bp,0,0,0,0,0,w,0,0,0,0
9,10118,l,wl,HttpRequestTask,0,f,0,0,0,0,0,p,0,0,0,0,0,bp,0,0,0,0,0,w,0,0,0,0
9,10118,l,apk,0,com.tencent.qqlive,com.tencent.qqlive.downloadproxy.tvkhttpproxy.service.TVKPlayService,6047554,1,1
9,10118,l,apk,0,com.tencent.qqlive,com.tencent.thumbplayer.core.downloadproxy.service.TPDownloadProxyService,6047554,1,1
9,10118,l,apk,0,com.tencent.qqlive,com.tencent.qqlive.download.service.TkdDownloadService,0,0,1
9,10118,l,apk,0,com.tencent.qqlive,com.tencent.qqlive.paylogic.cache.CachePayInfoService,6047554,1,1
9,10118,l,apk,0,com.tencent.qqlive,com.tencent.qqlive.ona.carrier.service.KcCacheService,0,0,1
9,10118,l,apk,0,com.tencent.qqlive,com.tencent.qqlive.services.carrier.internal.CarrierIPCProviderService,0,0,1
9,10118,l,apk,0,com.tencent.qqlive,com.tencent.qqlive.ona.offline.aidl.OfflineCacheService,6047554,1,1
9,10118,l,apk,0,com.tencent.qqlive,com.tencent.qqlive.services.download.DownloadService,6047554,1,1
9,10118,l,apk,0,com.tencent.qqlive,com.tencent.qqlive.pay.service.PayServiceInCacheProcess,0,0,1
9,10118,l,apk,0,com.tencent.qqlive,com.tencent.qqlive.modules.vb.loginservice.LoginDaemon,0,0,1
9,10118,l,apk,0,com.tencent.qqlive,org.chromium.content.app.SandboxedProcessService0:0,0,0,1
9,10118,l,apk,0,com.tencent.qqlive,com.tencent.qqlive.ipc.BroadcastService,6047554,1,1
9,10119,l,awl,0,0
9,10119,l,wl,*dexopt*,0,f,0,0,0,0,0,p,0,0,0,0,0,bp,0,0,0,0,0,w,0,0,0,0
9,10120,l,awl,0,0
9,10120,l,wl,*dexopt*,0,f,0,0,0,0,0,p,0,0,0,0,0,bp,0,0,0,0,0,w,0,0,0,0
9,10120,l,wl,*launch*,0,f,0,0,0,0,0,p,0,0,0,0,0,bp,0,0,0,0,0,w,0,0,0,0
9,10121,l,awl,136340,136340
9,10121,l,wl,MicroMsg.MMAutoAuth,0,f,0,0,0,0,0,p,0,0,0,0,0,bp,0,0,0,0,0,w,0,0,0,0
9,10121,l,wl,*dexopt*,0,f,0,0,0,0,0,p,0,0,0,0,0,bp,0,0,0,0,0,w,0,0,0,0
9,10121,l,wl,MicroMsg.CoreService,0,f,0,0,0,0,0,p,0,0,0,0,0,bp,0,0,0,0,0,w,0,0,0,0
9,10121,l,wl,*alarm*,0,f,0,0,0,0,131,p,25,0,25,246,246,bp,25,0,25,246,0,w,0,0,0,0
9,10121,l,wl,PlatformComm,0,f,0,0,0,0,133657,p,20,0,12861,136221,136221,bp,20,0,12861,136221,0,w,0,0,0,0
9,10121,l,wl,MicroMsg.Alarm,0,f,0,0,0,0,999,p,10,0,208,2051,2051,bp,10,0,208,2051,0,w,0,0,0,0
9,10121,l,st,0,0,0,6053608,0,0,0
9,10121,l,cpu,3040,2559,0
9,10121,l,ctf,A,55,0,0,0,81,55,22,42,166,720,532,496,349,265,207,148,299,108,2310,0,0,0,0,0,0,0,0,0,0,0,0,0,0,0,0,1,0,0,0,0,0,0,0,0,0,0,0,0,0,0,0,0,0,0,0,0,0,0,0,81,55,22,42,166,719,532,494,345,264,207,144,295,108,2183,0,0,0,0,0,0,0,0,0,0,0,0,0,0,0,0,0,0,0,0,0,0,0,0,0,0,0,0,0,0,0,0,0,0,0,0,0
9,10121,l,ctf,B,55,0,0,0,81,55,22,42,166,720,532,496,349,265,207,148,299,108,2315,0,0,0,0,0,0,0,0,0,0,0,0,0,0,0,0,1,0,0,0,0,0,0,0,0,0,0,0,0,0,0,0,0,0,0,0,0,0,0,0,81,55,22,42,166,719,532,494,347,264,207,147,295,108,2203,0,0,0,0,0,0,0,0,0,0,0,0,0,0,0,0,0,0,0,0,0,0,0,0,0,0,0,0,0,0,0,0,0,0,0,0,0
9,10121,l,pr,"com.tencent.mm:push",3120,2590,0,0,0,0
9,10121,l,wua,*walarm*:ALARM_ACTION(10000),10
9,10121,l,wua,*walarm*:com.tencent.mm/.booter.MMReceivers$AlarmReceiver,7
9,10121,l,apk,17,com.tencent.mm,com.tencent.mm.service.ProcessService$MMProcessService,6047554,1,1
9,10121,l,apk,17,com.tencent.mm,com.tencent.mm.booter.CoreService,6053390,1,0
9,10121,l,apk,17,com.tencent.mm,com.tencent.mm.ipcinvoker.wx_extension.service.MainProcessIPCService,0,0,1
9,10121,l,apk,17,com.tencent.mm,com.tencent.mm.ipcinvoker.wx_extension.service.PushProcessIPCService,0,0,1
9,10122,l,awl,0,0
9,10122,l,wl,*dexopt*,0,f,0,0,0,0,0,p,0,0,0,0,0,bp,0,0,0,0,0,w,0,0,0,0
9,10122,l,wl,*alarm*,0,f,0,0,0,0,0,p,0,0,0,0,0,bp,0,0,0,0,0,w,0,0,0,0
9,10122,l,wl,*launch*,0,f,0,0,0,0,0,p,0,0,0,0,0,bp,0,0,0,0,0,w,0,0,0,0
9,10122,l,wl,*job*/com.ss.android.ugc.aweme/.tools.policysecurity.OriginalSoundUploadService,0,f,0,0,0,0,0,p,0,0,0,0,0,bp,0,0,0,0,0,w,0,0,0,0
9,10122,l,wl,*job*/com.ss.android.ugc.aweme/.effect.EffectCompatJobService,0,f,0,0,0,0,0,p,0,0,0,0,0,bp,0,0,0,0,0,w,0,0,0,0
9,10122,l,wl,WindowManager,0,f,0,-1,-1,-1,0,p,0,0,0,0,0,bp,0,0,0,0,0,w,0,0,0,0
9,10122,l,apk,0,com.ss.android.ugc.aweme,com.bytedance.common.wschannel.server.WsChannelService,0,0,1
9,10122,l,apk,0,com.ss.android.ugc.aweme,org.chromium.content.app.SandboxedProcessService0:0,0,0,1
9,10123,l,awl,0,0
9,10123,l,wl,*dexopt*,0,f,0,0,0,0,0,p,0,0,0,0,0,bp,0,0,0,0,0,w,0,0,0,0
9,10123,l,wl,*launch*,0,f,0,0,0,0,0,p,0,0,0,0,0,bp,0,0,0,0,0,w,0,0,0,0
9,10123,l,wl,MicroMsg.WakerLock,0,f,0,0,0,0,0,p,0,0,0,0,0,bp,0,0,0,0,0,w,0,0,0,0
9,10123,l,apk,0,com.tencent.mtt,com.tencent.mtt.external.audio.service.LocalPlayerService,6047554,1,1
9,10123,l,apk,0,com.tencent.mtt,com.tencent.ilinkservice.IlinkService,0,0,1
9,10123,l,apk,0,com.tencent.mtt,com.qq.e.comm.DownloadService,6047554,1,1
9,10123,l,apk,0,com.tencent.mtt,com.tencent.luggage.wxa.standalone_open_runtime.app.WxaIPCContainerService0,0,0,1
9,10123,l,apk,0,com.tencent.mtt,tmsdk.common.KcBaseService,0,0,1
9,10123,l,apk,0,com.tencent.mtt,com.tencent.mtt.sdk.BrowserSdkService,6047554,1,1
9,10124,l,awl,0,0
9,10124,l,wl,*dexopt*,0,f,0,0,0,0,0,p,0,0,0,0,0,bp,0,0,0,0,0,w,0,0,0,0
9,10124,l,wl,*alarm*,0,f,0,0,0,0,0,p,0,0,0,0,0,bp,0,0,0,0,0,w,0,0,0,0
9,10124,l,wl,*launch*,0,f,0,0,0,0,0,p,0,0,0,0,0,bp,0,0,0,0,0,w,0,0,0,0
9,10124,l,st,0,0,0,10890,0,0,22
9,10124,l,cpu,624,263,0
9,10124,l,ctf,A,55,0,0,0,11,0,0,0,2,60,7,46,16,45,7,0,1,0,555,0,0,0,0,0,0,0,0,0,0,0,0,0,0,0,2,170,0,0,0,0,0,0,0,0,0,0,0,0,0,0,0,0,0,0,0,0,0,0,0,0,0,0,0,0,0,0,0,0,0,0,0,0,0,0,0,0,0,0,0,0,0,0,0,0,0,0,0,0,0,0,0,0,0,0,0,0,0,0,0,0,0,0,0,0,0,0,0,0,0,0,0
9,10124,l,ctf,B,55,0,0,0,11,0,0,0,2,60,7,46,16,45,7,0,1,0,554,0,0,0,0,0,0,0,0,0,0,0,0,0,0,0,1,162,0,0,0,0,0,0,0,0,0,0,0,0,0,0,0,0,0,0,0,0,0,0,0,0,0,0,0,0,0,0,0,0,0,0,0,0,0,0,0,0,0,0,0,0,0,0,0,0,0,0,0,0,0,0,0,0,0,0,0,0,0,0,0,0,0,0,0,0,0,0,0,0,0,0,0
9,10124,l,ctf,C,55,0,0,0,0,0,0,0,0,0,0,0,0,0,0,0,0,0,2,0,0,0,0,0,0,0,0,0,0,0,0,0,0,0,1,8,0,0,0,0,0,0,0,0,0,0,0,0,0,0,0,0,0,0,0,0,0,0,0,0,0,0,0,0,0,0,0,0,0,0,0,0,0,0,0,0,0,0,0,0,0,0,0,0,0,0,0,0,0,0,0,0,0,0,0,0,0,0,0,0,0,0,0,0,0,0,0,0,0,0,0
9,10124,l,pr,"com.sohu.inputmethod.sogou",0,0,0,1,0,0
9,10124,l,apk,0,com.sohu.inputmethod.sogou,com.sogou.remote.dispatcher.DispatcherService,6047554,1,1
9,10124,l,apk,0,com.sohu.inputmethod.sogou,com.sohu.inputmethod.sogou.SogouIME,0,0,1
9,10125,l,awl,0,0
9,10125,l,wl,*dexopt*,0,f,0,0,0,0,0,p,0,0,0,0,0,bp,0,0,0,0,0,w,0,0,0,0
9,10125,l,wl,*launch*,0,f,0,0,0,0,0,p,0,0,0,0,0,bp,0,0,0,0,0,w,0,0,0,0
9,10125,l,apk,0,com.sankuai.meituan,com.meituan.android.downloadmanager.MultiDownloadService,0,0,1
9,10126,l,awl,0,0
9,10126,l,wl,*dexopt*,0,f,0,0,0,0,0,p,0,0,0,0,0,bp,0,0,0,0,0,w,0,0,0,0
9,10126,l,wl,*alarm*,0,f,0,0,0,0,0,p,0,0,0,0,0,bp,0,0,0,0,0,w,0,0,0,0
9,10126,l,wl,*launch*,0,f,0,0,0,0,0,p,0,0,0,0,0,bp,0,0,0,0,0,w,0,0,0,0
9,10126,l,wl,bifrost.WakerLock,0,f,0,0,0,0,0,p,0,0,0,0,0,bp,0,0,0,0,0,w,0,0,0,0
9,10126,l,apk,0,com.tmall.wireless,com.taobao.orange.service.OrangeApiService,0,0,1
9,10126,l,apk,0,com.tmall.wireless,mtopsdk.xstate.XStateService,0,0,1
9,10126,l,apk,0,com.tmall.wireless,com.alibaba.analytics.AnalyticsService,0,0,1
9,10126,l,apk,0,com.tmall.wireless,anetwork.channel.aidl.NetworkService,0,0,1
9,10127,l,awl,0,0
9,10127,l,wl,*dexopt*,0,f,0,0,0,0,0,p,0,0,0,0,0,bp,0,0,0,0,0,w,0,0,0,0
9,10127,l,wl,*launch*,0,f,0,0,0,0,0,p,0,0,0,0,0,bp,0,0,0,0,0,w,0,0,0,0
9,10127,l,wl,*telephony-radio*,0,f,0,0,0,0,0,p,0,0,0,0,0,bp,0,0,0,0,0,w,0,0,0,0
9,10127,l,apk,0,me.ele,com.taobao.orange.service.OrangeApiService,0,0,1
9,10127,l,apk,0,me.ele,mtopsdk.xstate.XStateService,0,0,1
9,10127,l,apk,0,me.ele,anetwork.channel.aidl.NetworkService,0,0,1
9,10128,l,awl,0,0
9,10128,l,wl,*dexopt*,0,f,0,0,0,0,0,p,0,0,0,0,0,bp,0,0,0,0,0,w,0,0,0,0
9,10128,l,wl,*launch*,0,f,0,0,0,0,0,p,0,0,0,0,0,bp,0,0,0,0,0,w,0,0,0,0
9,10128,l,apk,0,com.baidu.BaiduMap,com.baidu.map.host.ipc.HostService,0,0,1
9,10128,l,apk,0,com.baidu.BaiduMap,com.baidu.baidumaps.voice.MapVoiceService,0,0,1
9,10128,l,apk,0,com.baidu.BaiduMap,com.baidu.android.pushservice.PushService,6047554,1,1
9,10128,l,apk,0,com.baidu.BaiduMap,com.baidu.mapframework.sandbox.SandBoxService,0,0,1
9,10128,l,apk,0,com.baidu.BaiduMap,com.baidu.location.f,6047554,1,1
9,10128,l,apk,0,com.baidu.BaiduMap,org.chromium.content.app.SandboxedProcessService0:0,0,0,1
9,10129,l,awl,0,0
9,10129,l,wl,*dexopt*,0,f,0,0,0,0,0,p,0,0,0,0,0,bp,0,0,0,0,0,w,0,0,0,0
9,10129,l,wl,*launch*,0,f,0,0,0,0,0,p,0,0,0,0,0,bp,0,0,0,0,0,w,0,0,0,0
9,10130,l,awl,0,0
9,10130,l,wl,*dexopt*,0,f,0,0,0,0,0,p,0,0,0,0,0,bp,0,0,0,0,0,w,0,0,0,0
9,10131,l,awl,0,0
9,10131,l,wl,*dexopt*,0,f,0,0,0,0,0,p,0,0,0,0,0,bp,0,0,0,0,0,w,0,0,0,0
9,10132,l,awl,139,0
9,10132,l,wl,*dexopt*,0,f,0,0,0,0,0,p,0,0,0,0,0,bp,0,0,0,0,0,w,0,0,0,0
9,10132,l,wl,*alarm*,0,f,0,0,0,0,89,p,27,0,7,95,0,bp,0,0,0,0,0,w,0,0,0,0
9,10132,l,wl,*job*/com.moji.mjweather/.JobSchedulerService,0,f,0,0,0,0,13,p,3,0,17,44,0,bp,0,0,0,0,0,w,0,0,0,0
9,10132,l,jb,"com.moji.mjweather/.JobSchedulerService",31,3,0,0
9,10132,l,jbc,"com.moji.mjweather/.JobSchedulerService",3,0,0,0,0,0,0,0,0,0,0,0
9,10132,l,fgs,6053608,0
9,10132,l,st,0,6053608,0,0,0,0,0
9,10132,l,cpu,11813,8428,0
9,10132,l,ctf,A,55,0,0,0,3369,16,10,8,2226,8642,1776,1005,682,377,377,163,143,127,3040,178,0,1,1,0,2,0,4,10,2,0,0,4,0,0,0,2,0,0,0,0,0,0,0,0,0,0,0,0,0,0,0,0,0,0,0,0,0,0,0,3328,16,10,8,2208,8567,1764,993,675,370,372,159,139,123,2982,171,0,0,0,0,0,0,4,10,2,0,0,4,0,0,0,0,0,0,0,0,0,0,0,0,0,0,0,0,0,0,0,0,0,0,0,0
9,10132,l,ctf,FS,55,0,0,0,3369,16,10,8,2226,8642,1776,1005,682,377,377,163,143,127,3044,178,0,1,0,0,2,0,4,10,2,0,0,4,0,0,0,3,0,0,0,0,0,0,0,0,0,0,0,0,0,0,0,0,0,0,0,0,0,0,0,3363,16,10,8,2224,8625,1769,1001,678,373,374,161,139,123,3014,172,0,0,0,0,0,0,4,10,2,0,0,4,0,0,0,0,0,0,0,0,0,0,0,0,0,0,0,0,0,0,0,0,0,0,0,0
9,10132,l,pr,"com.moji.mjweather",7200,4190,0,0,0,0
9,10132,l,pr,"com.moji.mjweather:pushservice",150,60,0,0,0,0
9,10132,l,pr,"com.moji.mjweather:mjskin",5560,4960,0,0,0,0
9,10132,l,wua,*walarm*:AlarmTaskSchedule.com.moji.mjweather,24
9,10132,l,apk,24,com.moji.mjweather,com.moji.mjweather.JobSchedulerService,0,0,3
9,10132,l,apk,24,com.moji.mjweather,com.ss.android.socialbase.downloader.notification.DownloadNotificationService,6047554,1,1
9,10132,l,apk,24,com.moji.mjweather,com.moji.push.MJPushService,6047554,1,0
9,10133,l,awl,0,0
9,10133,l,wl,*dexopt*,0,f,0,0,0,0,0,p,0,0,0,0,0,bp,0,0,0,0,0,w,0,0,0,0
9,10134,l,awl,1019,1019
9,10134,l,wl,*dexopt*,0,f,0,0,0,0,0,p,0,0,0,0,0,bp,0,0,0,0,0,w,0,0,0,0
9,10134,l,wl,*alarm*,0,f,0,0,0,0,1019,p,1,0,1019,1019,1019,bp,1,0,1019,1019,0,w,0,0,0,0
9,10134,l,st,0,0,0,2025,0,0,3668855
9,10134,l,cpu,30674,35341,0
9,10134,l,ctf,A,55,0,0,0,5557,34,36,37,6884,19576,6508,2882,1827,1155,1136,605,439,517,28655,0,0,0,0,0,0,0,0,0,0,16,0,0,0,0,9,35,0,0,0,0,0,0,0,0,0,0,0,0,0,0,0,0,0,0,0,0,0,0,0,5557,34,36,37,6884,19576,6508,2882,1827,1155,1136,605,439,517,28655,0,0,0,0,0,0,0,0,0,0,16,0,0,0,0,9,35,0,0,0,0,0,0,0,0,0,0,0,0,0,0,0,0,0,0,0,0
9,10134,l,ctf,B,55,0,0,0,0,0,0,0,0,0,0,0,0,0,0,0,0,0,2753,0,0,0,0,0,0,0,0,0,0,10,0,0,0,0,5,19,0,0,0,0,0,0,0,0,0,0,0,0,0,0,0,0,0,0,0,0,0,0,0,0,0,0,0,0,0,0,0,0,0,0,0,0,0,2753,0,0,0,0,0,0,0,0,0,0,10,0,0,0,0,5,19,0,0,0,0,0,0,0,0,0,0,0,0,0,0,0,0,0,0,0,0
9,10134,l,ctf,C,55,0,0,0,5557,34,36,37,6884,19576,6508,2882,1827,1155,1136,605,439,517,25902,0,0,0,0,0,0,0,0,0,0,6,0,0,0,0,4,16,0,0,0,0,0,0,0,0,0,0,0,0,0,0,0,0,0,0,0,0,0,0,0,5557,34,36,37,6884,19576,6508,2882,1827,1155,1136,605,439,517,25902,0,0,0,0,0,0,0,0,0,0,6,0,0,0,0,4,16,0,0,0,0,0,0,0,0,0,0,0,0,0,0,0,0,0,0,0,0
9,10134,l,pr,"com.sina.weibo",18570,25460,0,1,0,0
9,10134,l,pr,"com.sina.weibo:remote",4460,3270,0,2,0,0
9,10134,l,pr,"com.sina.weibo:pushservice",4820,2900,0,2,0,0
9,10134,l,wua,*walarm*:com.sina.weibo/.localpush.LocalPushAlarmReceiver,1
9,10134,l,apk,1,com.sina.weibo,com.sina.weibo.HotEventService,0,0,2
9,10134,l,apk,1,com.sina.weibo,com.xiaomi.push.service.XMPushService,0,0,2
9,10135,l,awl,0,0
9,10135,l,wl,*dexopt*,0,f,0,0,0,0,0,p,0,0,0,0,0,bp,0,0,0,0,0,w,0,0,0,0
9,10136,l,awl,0,0
9,10136,l,wl,*dexopt*,0,f,0,0,0,0,0,p,0,0,0,0,0,bp,0,0,0,0,0,w,0,0,0,0
9,10137,l,awl,0,0
9,10137,l,wl,*dexopt*,0,f,0,0,0,0,0,p,0,0,0,0,0,bp,0,0,0,0,0,w,0,0,0,0
9,10138,l,awl,0,0
9,10138,l,wl,*dexopt*,0,f,0,0,0,0,0,p,0,0,0,0,0,bp,0,0,0,0,0,w,0,0,0,0
9,10139,l,awl,0,0
9,10139,l,wl,*dexopt*,0,f,0,0,0,0,0,p,0,0,0,0,0,bp,0,0,0,0,0,w,0,0,0,0
9,10140,l,awl,0,0
9,10140,l,wl,*dexopt*,0,f,0,0,0,0,0,p,0,0,0,0,0,bp,0,0,0,0,0,w,0,0,0,0
9,10141,l,awl,60981,60981
9,10141,l,wl,*dexopt*,0,f,0,0,0,0,0,p,0,0,0,0,0,bp,0,0,0,0,0,w,0,0,0,0
9,10141,l,wl,*alarm*,0,f,0,0,0,0,59501,p,10,0,6535,60981,60981,bp,10,0,6535,60981,0,w,0,0,0,0
9,10141,l,st,0,0,0,120043,0,0,4464188
9,10141,l,cpu,243718,640416,0
9,10141,l,ctf,A,55,0,0,0,553,8,12,7,1066,4035,1384,906,659,345,394,249,196,244,891102,0,0,0,0,0,0,0,0,0,0,96,17,0,0,0,45,195,0,0,0,0,0,0,0,0,0,0,0,0,0,0,0,0,0,0,0,0,0,0,0,543,8,12,7,1052,3996,1372,891,629,311,329,241,191,190,882554,0,0,0,0,0,0,0,0,0,0,96,17,0,0,0,45,195,0,0,0,0,0,0,0,0,0,0,0,0,0,0,0,0,0,0,0,0
9,10141,l,ctf,B,55,0,0,0,0,0,0,6,0,0,0,0,0,5,0,0,0,12,221590,0,0,0,0,0,0,0,0,0,0,24,17,0,0,0,29,137,0,0,0,0,0,0,0,0,0,0,0,0,0,0,0,0,0,0,0,0,0,0,0,0,0,0,6,0,0,0,0,0,5,0,0,0,12,221590,0,0,0,0,0,0,0,0,0,0,24,17,0,0,0,29,137,0,0,0,0,0,0,0,0,0,0,0,0,0,0,0,0,0,0,0,0
9,10141,l,ctf,C,55,0,0,0,553,8,12,1,1066,4035,1384,906,659,340,386,240,188,232,669446,0,0,0,0,0,0,0,0,0,0,72,0,0,0,0,16,58,0,0,0,0,0,0,0,0,0,0,0,0,0,0,0,0,0,0,0,0,0,0,0,552,8,12,1,1066,4024,1379,903,633,339,321,239,183,185,666651,0,0,0,0,0,0,0,0,0,0,72,0,0,0,0,16,58,0,0,0,0,0,0,0,0,0,0,0,0,0,0,0,0,0,0,0,0
9,10141,l,pr,"com.ct.client",34330,203470,0,10,0,0
9,10141,l,pr,"com.ct.client:unimp0",27420,208280,0,10,0,0
9,10141,l,pr,"com.ct.client:pushcore",27570,203070,0,10,0,0
9,10141,l,wua,*walarm*:com.ct.client/cn.jpush.android.service.AlarmReceiver,10
9,10141,l,apk,10,com.ct.client,com.ct.client.push.jpush.MyCommonService,0,0,10
9,10141,l,apk,10,com.ct.client,io.dcloud.feature.sdk.multi.DCUniMPService0,0,0,10
9,10142,l,awl,0,0
9,10142,l,wl,*dexopt*,0,f,0,0,0,0,0,p,0,0,0,0,0,bp,0,0,0,0,0,w,0,0,0,0
9,10143,l,awl,0,0
9,10143,l,wl,*dexopt*,0,f,0,0,0,0,0,p,0,0,0,0,0,bp,0,0,0,0,0,w,0,0,0,0
9,10144,l,awl,0,0
9,10144,l,wl,*dexopt*,0,f,0,0,0,0,0,p,0,0,0,0,0,bp,0,0,0,0,0,w,0,0,0,0
9,10145,l,awl,0,0
9,10145,l,wl,*dexopt*,0,f,0,0,0,0,0,p,0,0,0,0,0,bp,0,0,0,0,0,w,0,0,0,0
9,10146,l,awl,0,0
9,10146,l,wl,*dexopt*,0,f,0,0,0,0,0,p,0,0,0,0,0,bp,0,0,0,0,0,w,0,0,0,0
9,10147,l,awl,0,0
9,10147,l,wl,*dexopt*,0,f,0,0,0,0,0,p,0,0,0,0,0,bp,0,0,0,0,0,w,0,0,0,0
9,10148,l,awl,0,0
9,10148,l,wl,*dexopt*,0,f,0,0,0,0,0,p,0,0,0,0,0,bp,0,0,0,0,0,w,0,0,0,0
9,10149,l,awl,0,0
9,10149,l,wl,*dexopt*,0,f,0,0,0,0,0,p,0,0,0,0,0,bp,0,0,0,0,0,w,0,0,0,0
9,10150,l,awl,0,0
9,10150,l,wl,*dexopt*,0,f,0,0,0,0,0,p,0,0,0,0,0,bp,0,0,0,0,0,w,0,0,0,0
9,10151,l,awl,122,122
9,10151,l,wl,*job*/com.smile.gifmaker/androidx.work.impl.background.systemjob.SystemJobService,0,f,0,0,0,0,0,p,0,0,0,0,0,bp,0,0,0,0,0,w,0,0,0,0
9,10151,l,wl,*dexopt*,0,f,0,0,0,0,0,p,0,0,0,0,0,bp,0,0,0,0,0,w,0,0,0,0
9,10151,l,wl,*alarm*,0,f,0,0,0,0,82,p,17,0,18,122,122,bp,17,0,18,122,0,w,0,0,0,0
9,10151,l,jb,"com.smile.gifmaker/androidx.work.impl.background.systemjob.SystemJobService",306,0,306,0
9,10151,l,jbc,"com.smile.gifmaker/androidx.work.impl.background.systemjob.SystemJobService",0,0,1,0,0,0,0,0,0,0,0,0
9,10151,l,st,0,0,0,1969930,0,0,4083678
9,10151,l,cpu,22673,15293,0
9,10151,l,ctf,A,55,0,0,0,717,11,22,6,1045,7650,3776,2958,1681,1042,909,609,619,522,18668,0,0,0,0,0,0,0,0,0,0,0,0,0,0,0,0,0,0,0,0,0,0,0,0,0,0,0,0,0,0,0,0,0,0,0,0,0,0,0,0,710,11,22,6,1042,7599,3760,2944,1680,1039,902,606,616,518,18456,0,0,0,0,0,0,0,0,0,0,0,0,0,0,0,0,0,0,0,0,0,0,0,0,0,0,0,0,0,0,0,0,0,0,0,0,0
9,10151,l,ctf,B,55,0,0,0,203,5,1,1,283,2371,1350,709,422,284,261,153,197,133,6532,0,0,0,0,0,0,0,0,0,0,0,0,0,0,0,0,0,0,0,0,0,0,0,0,0,0,0,0,0,0,0,0,0,0,0,0,0,0,0,0,203,5,1,1,283,2371,1350,709,422,284,261,153,197,133,6532,0,0,0,0,0,0,0,0,0,0,0,0,0,0,0,0,0,0,0,0,0,0,0,0,0,0,0,0,0,0,0,0,0,0,0,0,0
9,10151,l,ctf,C,55,0,0,0,514,6,21,5,762,5279,2426,2249,1259,758,648,456,422,388,12130,0,0,0,0,0,0,0,0,0,0,0,0,0,0,0,0,0,0,0,0,0,0,0,0,0,0,0,0,0,0,0,0,0,0,0,0,0,0,0,0,512,6,21,5,761,5267,2416,2238,1258,755,641,454,419,385,12064,0,0,0,0,0,0,0,0,0,0,0,0,0,0,0,0,0,0,0,0,0,0,0,0,0,0,0,0,0,0,0,0,0,0,0,0,0
9,10151,l,pr,"com.smile.gifmaker:messagesdk",14200,4180,0,0,0,0
9,10151,l,pr,"com.smile.gifmaker",10100,12520,0,0,0,0
9,10151,l,pr,"com.smile.gifmaker:kwv_sandboxed_p0",840,450,0,0,0,0
9,10151,l,wua,*walarm*:com.kwai.chat.kwailink.heartbeat,10
9,10151,l,wua,*walarm*:com.kw.pp.action,1
9,10151,l,apk,11,com.smile.gifmaker,com.kwai.chat.kwailink.service.NewKwaiLinkService,700,10,0
9,10152,l,awl,0,0
9,10152,l,wl,*dexopt*,0,f,0,0,0,0,0,p,0,0,0,0,0,bp,0,0,0,0,0,w,0,0,0,0
9,10153,l,awl,95,95
9,10153,l,wl,*dexopt*,0,f,0,0,0,0,0,p,0,0,0,0,0,bp,0,0,0,0,0,w,0,0,0,0
9,10153,l,wl,*alarm*,0,f,0,0,0,0,59,p,8,0,28,95,95,bp,8,0,28,95,0,w,0,0,0,0
9,10153,l,wl,*job*/com.kuaishou.nebula/androidx.work.impl.background.systemjob.SystemJobService,0,f,0,0,0,0,0,p,0,0,0,0,0,bp,0,0,0,0,0,w,0,0,0,0
9,10153,l,jb,"com.kuaishou.nebula/androidx.work.impl.background.systemjob.SystemJobService",305,0,305,0
9,10153,l,jbc,"com.kuaishou.nebula/androidx.work.impl.background.systemjob.SystemJobService",0,0,1,0,0,0,0,0,0,0,0,0
9,10153,l,st,0,0,0,407,0,0,1827722
9,10153,l,cpu,13885,11633,0
9,10153,l,ctf,A,55,0,0,0,271,8,25,7,495,2764,1369,1232,663,595,482,442,526,385,17463,0,0,0,0,0,0,0,0,0,0,0,0,0,0,0,0,0,0,0,0,0,0,0,0,0,0,0,0,0,0,0,0,0,0,0,0,0,0,0,0,270,8,25,7,495,2761,1366,1231,662,595,479,439,507,375,17398,0,0,0,0,0,0,0,0,0,0,0,0,0,0,0,0,0,0,0,0,0,0,0,0,0,0,0,0,0,0,0,0,0,0,0,0,0
9,10153,l,ctf,B,55,0,0,0,0,0,0,0,0,0,0,0,0,0,0,0,1,0,18,0,0,0,0,0,0,0,0,0,0,0,0,0,0,0,0,0,0,0,0,0,0,0,0,0,0,0,0,0,0,0,0,0,0,0,0,0,0,0,0,0,0,0,0,0,0,0,0,0,0,0,0,1,0,18,0,0,0,0,0,0,0,0,0,0,0,0,0,0,0,0,0,0,0,0,0,0,0,0,0,0,0,0,0,0,0,0,0,0,0,0,0
9,10153,l,ctf,C,55,0,0,0,271,8,25,7,495,2764,1369,1232,663,595,482,442,525,384,17435,0,0,0,0,0,0,0,0,0,0,0,0,0,0,0,0,0,0,0,0,0,0,0,0,0,0,0,0,0,0,0,0,0,0,0,0,0,0,0,0,270,8,25,7,495,2761,1366,1231,662,595,479,439,506,375,17379,0,0,0,0,0,0,0,0,0,0,0,0,0,0,0,0,0,0,0,0,0,0,0,0,0,0,0,0,0,0,0,0,0,0,0,0,0
9,10153,l,pr,"com.kuaishou.nebula",13730,12080,0,0,0,0
9,10153,l,pr,"com.kuaishou.nebula:kwv_sandboxed_p0",780,410,0,0,0,0
9,10153,l,wua,*walarm*:com.kw.pp.action,1
9,10154,l,awl,0,0
9,10154,l,wl,*dexopt*,0,f,0,0,0,0,0,p,0,0,0,0,0,bp,0,0,0,0,0,w,0,0,0,0
9,10155,l,awl,0,0
9,10155,l,wl,*dexopt*,0,f,0,0,0,0,0,p,0,0,0,0,0,bp,0,0,0,0,0,w,0,0,0,0
9,10156,l,awl,0,0
9,10156,l,wl,*dexopt*,0,f,0,0,0,0,0,p,0,0,0,0,0,bp,0,0,0,0,0,w,0,0,0,0
9,10157,l,awl,0,0
9,10157,l,wl,*dexopt*,0,f,0,0,0,0,0,p,0,0,0,0,0,bp,0,0,0,0,0,w,0,0,0,0
9,10158,l,awl,7,0
9,10158,l,wl,*dexopt*,0,f,0,0,0,0,0,p,0,0,0,0,0,bp,0,0,0,0,0,w,0,0,0,0
9,10158,l,wl,*alarm*,0,f,0,0,0,0,7,p,2,0,6,7,0,bp,0,0,0,0,0,w,0,0,0,0
9,10158,l,wua,*walarm*:android.intent.action.HMCoreService.KEEP_ALIVE,10
9,10158,l,wua,*walarm*:com.xiaomi.hm.health.WAKE_UP,1
9,10159,l,awl,0,0
9,10159,l,wl,*dexopt*,0,f,0,0,0,0,0,p,0,0,0,0,0,bp,0,0,0,0,0,w,0,0,0,0
9,10160,l,awl,0,0
9,10160,l,wl,*dexopt*,0,f,0,0,0,0,0,p,0,0,0,0,0,bp,0,0,0,0,0,w,0,0,0,0
9,10161,l,awl,0,0
9,10161,l,wl,*dexopt*,0,f,0,0,0,0,0,p,0,0,0,0,0,bp,0,0,0,0,0,w,0,0,0,0
9,10162,l,awl,0,0
9,10162,l,wl,*dexopt*,0,f,0,0,0,0,0,p,0,0,0,0,0,bp,0,0,0,0,0,w,0,0,0,0
9,10163,l,awl,0,0
9,10163,l,wl,*dexopt*,0,f,0,0,0,0,0,p,0,0,0,0,0,bp,0,0,0,0,0,w,0,0,0,0
9,10164,l,awl,0,0
9,10164,l,wl,*dexopt*,0,f,0,0,0,0,0,p,0,0,0,0,0,bp,0,0,0,0,0,w,0,0,0,0
9,10165,l,awl,0,0
9,10165,l,wl,*dexopt*,0,f,0,0,0,0,0,p,0,0,0,0,0,bp,0,0,0,0,0,w,0,0,0,0
